name,title,short_description,place,date,category,url,source,country,city,image_url
15-—è –Æ–±–∏–ª–µ–π–Ω–∞—è –ê–∑–µ—Ä–±–∞–π–¥–∂–∞–Ω—Å–∫–∞—è –ú–µ–∂–¥—É–Ω–∞—Ä–æ–¥–Ω–∞—è –í—ã—Å—Ç–∞–≤–∫–∞ ¬´–ò–Ω–¥—É—Å—Ç—Ä–∏—è –ö—Ä–∞—Å–æ—Ç—ã¬ª,15-—è –Æ–±–∏–ª–µ–π–Ω–∞—è –ê–∑–µ—Ä–±–∞–π–¥–∂–∞–Ω—Å–∫–∞—è –ú–µ–∂–¥—É–Ω–∞—Ä–æ–¥–Ω–∞—è –í—ã—Å—Ç–∞–≤–∫–∞ ¬´–ò–Ω–¥—É—Å—Ç—Ä–∏—è –ö—Ä–∞—Å–æ—Ç—ã¬ª,15-—è –Æ–±–∏–ª–µ–π–Ω–∞—è –ê–∑–µ—Ä–±–∞–π–¥–∂–∞–Ω—Å–∫–∞—è –ú–µ–∂–¥—É–Ω–∞—Ä–æ–¥–Ω–∞—è –í—ã—Å—Ç–∞–≤–∫–∞ ¬´–ò–Ω–¥—É—Å—Ç—Ä–∏—è –ö—Ä–∞—Å–æ—Ç—ã¬ª,,29.10.2026,–¢—Ä–∞–Ω—Å–ø–æ—Ä—Ç,https://beautyexpo.az,iteca.az,–ê–∑–µ—Ä–±–∞–π–¥–∂–∞–Ω,–ë–∞–∫—É,parsed_images/d5a378808942.jpg
28-—è –ê–∑–µ—Ä–±–∞–π–¥–∂–∞–Ω—Å–∫–∞—è –ú–µ–∂–¥—É–Ω–∞—Ä–æ–¥–Ω–∞—è –í—ã—Å—Ç–∞–≤–∫–∞ ¬´–ú–µ–¥–∏—Ü–∏–Ω—Å–∫–∏–µ –ò–Ω–Ω–æ–≤–∞—Ü–∏–∏¬ª,28-—è –ê–∑–µ—Ä–±–∞–π–¥–∂–∞–Ω—Å–∫–∞—è –ú–µ–∂–¥—É–Ω–∞—Ä–æ–¥–Ω–∞—è –í—ã—Å—Ç–∞–≤–∫–∞ ¬´–ú–µ–¥–∏—Ü–∏–Ω—Å–∫–∏–µ –ò–Ω–Ω–æ–≤–∞—Ü–∏–∏¬ª,28-—è –ê–∑–µ—Ä–±–∞–π–¥–∂–∞–Ω—Å–∫–∞—è –ú–µ–∂–¥—É–Ω–∞—Ä–æ–¥–Ω–∞—è –í—ã—Å—Ç–∞–≤–∫–∞ ¬´–ú–µ–¥–∏—Ü–∏–Ω—Å–∫–∏–µ –ò–Ω–Ω–æ–≤–∞—Ü–∏–∏¬ª,,29.10.2026,–ú–µ–¥–∏—Ü–∏–Ω–∞,https://medinex.az,iteca.az,–ê–∑–µ—Ä–±–∞–π–¥–∂–∞–Ω,–ë–∞–∫—É,parsed_images/a2a9bd86cf2e.jpg
14-—è –ö–∞—Å–ø–∏–π—Å–∫–∞—è –ú–µ–∂–¥—É–Ω–∞—Ä–æ–¥–Ω–∞—è –í—ã—Å—Ç–∞–≤–∫–∞ ¬´–î–æ—Ä–æ–∂–Ω–∞—è –ò–Ω—Ñ—Ä–∞—Å—Ç—Ä—É–∫—Ç—É—Ä–∞ –∏ –û–±—â–µ—Å—Ç–≤–µ–Ω–Ω—ã–π –¢—Ä–∞–Ω—Å–ø–æ—Ä—Ç¬ª,14-—è –ö–∞—Å–ø–∏–π—Å–∫–∞—è –ú–µ–∂–¥—É–Ω–∞—Ä–æ–¥–Ω–∞—è –í—ã—Å—Ç–∞–≤–∫–∞ ¬´–î–æ—Ä–æ–∂–Ω–∞—è –ò–Ω—Ñ—Ä–∞—Å—Ç—Ä—É–∫—Ç—É—Ä–∞ –∏ –û–±—â–µ—Å—Ç–≤–µ–Ω–Ω—ã–π –¢—Ä–∞–Ω—Å–ø–æ—Ä—Ç¬ª,14-—è –ö–∞—Å–ø–∏–π—Å–∫–∞—è –ú–µ–∂–¥—É–Ω–∞—Ä–æ–¥–Ω–∞—è –í—ã—Å—Ç–∞–≤–∫–∞ ¬´–î–æ—Ä–æ–∂–Ω–∞—è –ò–Ω—Ñ—Ä–∞—Å—Ç—Ä—É–∫—Ç—É—Ä–∞ –∏ –û–±—â–µ—Å—Ç–≤–µ–Ω–Ω—ã–π –¢—Ä–∞–Ω—Å–ø–æ—Ä—Ç¬ª,,14.10.2026,–¢—Ä–∞–Ω—Å–ø–æ—Ä—Ç,https://roadtraffic.az,iteca.az,–ê–∑–µ—Ä–±–∞–π–¥–∂–∞–Ω,–ë–∞–∫—É,parsed_images/73bc9de8683e.jpg
5-—è –Æ–±–∏–ª–µ–π–Ω–∞—è –ö–∞—Å–ø–∏–π—Å–∫–∞—è –ú–µ–∂–¥—É–Ω–∞—Ä–æ–¥–Ω–∞—è –≤—ã—Å—Ç–∞–≤–∫–∞ ¬´–ò–Ω–¥—É—Å—Ç—Ä–∏–∏ –ü–ª–∞—Å—Ç–º–∞—Å—Å –∏ –ü–æ–ª–∏–º–µ—Ä–æ–≤¬ª,5-—è –Æ–±–∏–ª–µ–π–Ω–∞—è –ö–∞—Å–ø–∏–π—Å–∫–∞—è –ú–µ–∂–¥—É–Ω–∞—Ä–æ–¥–Ω–∞—è –≤—ã—Å—Ç–∞–≤–∫–∞ ¬´–ò–Ω–¥—É—Å—Ç—Ä–∏–∏ –ü–ª–∞—Å—Ç–º–∞—Å—Å –∏ –ü–æ–ª–∏–º–µ—Ä–æ–≤¬ª,5-—è –Æ–±–∏–ª–µ–π–Ω–∞—è –ö–∞—Å–ø–∏–π—Å–∫–∞—è –ú–µ–∂–¥—É–Ω–∞—Ä–æ–¥–Ω–∞—è –≤—ã—Å—Ç–∞–≤–∫–∞ ¬´–ò–Ω–¥—É—Å—Ç—Ä–∏–∏ –ü–ª–∞—Å—Ç–º–∞—Å—Å –∏ –ü–æ–ª–∏–º–µ—Ä–æ–≤¬ª,,14.10.2026,–¢—Ä–∞–Ω—Å–ø–æ—Ä—Ç,https://plastex.az,iteca.az,–ê–∑–µ—Ä–±–∞–π–¥–∂–∞–Ω,–ë–∞–∫—É,parsed_images/0206845f0e5c.jpg
"6-—è –ê–∑–µ—Ä–±–∞–π–¥–∂–∞–Ω—Å–∫–∞—è –ú–µ–∂–¥—É–Ω–∞—Ä–æ–¥–Ω–∞—è –í—ã—Å—Ç–∞–≤–∫–∞ ¬´–í–æ—Å—Å—Ç–∞–Ω–æ–≤–ª–µ–Ω–∏–µ, –†–µ–∫–æ–Ω—Å—Ç—Ä—É–∫—Ü–∏—è –∏ –†–∞–∑–≤–∏—Ç–∏–µ –ö–∞—Ä–∞–±–∞—Ö–∞¬ª","6-—è –ê–∑–µ—Ä–±–∞–π–¥–∂–∞–Ω—Å–∫–∞—è –ú–µ–∂–¥—É–Ω–∞—Ä–æ–¥–Ω–∞—è –í—ã—Å—Ç–∞–≤–∫–∞ ¬´–í–æ—Å—Å—Ç–∞–Ω–æ–≤–ª–µ–Ω–∏–µ, –†–µ–∫–æ–Ω—Å—Ç—Ä—É–∫—Ü–∏—è –∏ –†–∞–∑–≤–∏—Ç–∏–µ –ö–∞—Ä–∞–±–∞—Ö–∞¬ª","6-—è –ê–∑–µ—Ä–±–∞–π–¥–∂–∞–Ω—Å–∫–∞—è –ú–µ–∂–¥—É–Ω–∞—Ä–æ–¥–Ω–∞—è –í—ã—Å—Ç–∞–≤–∫–∞ ¬´–í–æ—Å—Å—Ç–∞–Ω–æ–≤–ª–µ–Ω–∏–µ, –†–µ–∫–æ–Ω—Å—Ç—Ä—É–∫—Ü–∏—è –∏ –†–∞–∑–≤–∏—Ç–∏–µ –ö–∞—Ä–∞–±–∞—Ö–∞¬ª",,14.10.2026,–¢—Ä–∞–Ω—Å–ø–æ—Ä—Ç,https://rebuildkarabakh.az,iteca.az,–ê–∑–µ—Ä–±–∞–π–¥–∂–∞–Ω,–ë–∞–∫—É,parsed_images/916b683ee58b.jpg
"18-—è –ú–µ–∂–¥—É–Ω–∞—Ä–æ–¥–Ω–∞—è –í—ã—Å—Ç–∞–≤–∫–∞ ¬´–û—Ç–æ–ø–ª–µ–Ω–∏–µ, –í–µ–Ω—Ç–∏–ª—è—Ü–∏—è, –ö–æ–Ω–¥–∏—Ü–∏–æ–Ω–∏—Ä–æ–≤–∞–Ω–∏–µ, –í–æ–¥–æ—Å–Ω–∞–±–∂–µ–Ω–∏–µ, –°–∞–Ω—Ç–µ—Ö–Ω–∏–∫–∞ –∏ –ë–∞—Å—Å–µ–π–Ω—ã¬ª","18-—è –ú–µ–∂–¥—É–Ω–∞—Ä–æ–¥–Ω–∞—è –í—ã—Å—Ç–∞–≤–∫–∞ ¬´–û—Ç–æ–ø–ª–µ–Ω–∏–µ, –í–µ–Ω—Ç–∏–ª—è—Ü–∏—è, –ö–æ–Ω–¥–∏—Ü–∏–æ–Ω–∏—Ä–æ–≤–∞–Ω–∏–µ, –í–æ–¥–æ—Å–Ω–∞–±–∂–µ–Ω–∏–µ, –°–∞–Ω—Ç–µ—Ö–Ω–∏–∫–∞ –∏ –ë–∞—Å—Å–µ–π–Ω—ã¬ª","18-—è –ú–µ–∂–¥—É–Ω–∞—Ä–æ–¥–Ω–∞—è –í—ã—Å—Ç–∞–≤–∫–∞ ¬´–û—Ç–æ–ø–ª–µ–Ω–∏–µ, –í–µ–Ω—Ç–∏–ª—è—Ü–∏—è, –ö–æ–Ω–¥–∏—Ü–∏–æ–Ω–∏—Ä–æ–≤–∞–Ω–∏–µ, –í–æ–¥–æ—Å–Ω–∞–±–∂–µ–Ω–∏–µ, –°–∞–Ω—Ç–µ—Ö–Ω–∏–∫–∞ –∏ –ë–∞—Å—Å–µ–π–Ω—ã¬ª",,14.10.2026,–¢—Ä–∞–Ω—Å–ø–æ—Ä—Ç,https://aquatherm.az,iteca.az,–ê–∑–µ—Ä–±–∞–π–¥–∂–∞–Ω,–ë–∞–∫—É,parsed_images/ccbb45c22513.jpg
"15-—è –Æ–±–∏–ª–µ–π–Ω–∞—è –ú–µ–∂–¥—É–Ω–∞—Ä–æ–¥–Ω–∞—è –í—ã—Å—Ç–∞–≤–∫–∞<br/> ¬´–í–Ω—É—Ç—Ä–µ–Ω–Ω—è—è –±–µ–∑–æ–ø–∞—Å–Ω–æ—Å—Ç—å, –û—Ö—Ä–∞–Ω–∞ –∏ –°–ø–∞—Å–∞—Ç–µ–ª—å–Ω–∞—è —Ç–µ—Ö–Ω–∏–∫–∞¬ª","15-—è –Æ–±–∏–ª–µ–π–Ω–∞—è –ú–µ–∂–¥—É–Ω–∞—Ä–æ–¥–Ω–∞—è –í—ã—Å—Ç–∞–≤–∫–∞<br/> ¬´–í–Ω—É—Ç—Ä–µ–Ω–Ω—è—è –±–µ–∑–æ–ø–∞—Å–Ω–æ—Å—Ç—å, –û—Ö—Ä–∞–Ω–∞ –∏ –°–ø–∞—Å–∞—Ç–µ–ª—å–Ω–∞—è —Ç–µ—Ö–Ω–∏–∫–∞¬ª","15-—è –Æ–±–∏–ª–µ–π–Ω–∞—è –ú–µ–∂–¥—É–Ω–∞—Ä–æ–¥–Ω–∞—è –í—ã—Å—Ç–∞–≤–∫–∞<br/> ¬´–í–Ω—É—Ç—Ä–µ–Ω–Ω—è—è –±–µ–∑–æ–ø–∞—Å–Ω–æ—Å—Ç—å, –û—Ö—Ä–∞–Ω–∞ –∏ –°–ø–∞—Å–∞—Ç–µ–ª—å–Ω–∞—è —Ç–µ—Ö–Ω–∏–∫–∞¬ª",,30.09.2026,–¢—Ä–∞–Ω—Å–ø–æ—Ä—Ç,https://securexcaspian.az,iteca.az,–ê–∑–µ—Ä–±–∞–π–¥–∂–∞–Ω,–ë–∞–∫—É,parsed_images/9d0093556b90.jpg
6-—è –ê–∑–µ—Ä–±–∞–π–¥–∂–∞–Ω—Å–∫–∞—è –ú–µ–∂–¥—É–Ω–∞—Ä–æ–¥–Ω–∞—è –û–±–æ—Ä–æ–Ω–Ω–∞—è –í—ã—Å—Ç–∞–≤–∫–∞,6-—è –ê–∑–µ—Ä–±–∞–π–¥–∂–∞–Ω—Å–∫–∞—è –ú–µ–∂–¥—É–Ω–∞—Ä–æ–¥–Ω–∞—è –û–±–æ—Ä–æ–Ω–Ω–∞—è –í—ã—Å—Ç–∞–≤–∫–∞,6-—è –ê–∑–µ—Ä–±–∞–π–¥–∂–∞–Ω—Å–∫–∞—è –ú–µ–∂–¥—É–Ω–∞—Ä–æ–¥–Ω–∞—è –û–±–æ—Ä–æ–Ω–Ω–∞—è –í—ã—Å—Ç–∞–≤–∫–∞,,30.09.2026,–¢—Ä–∞–Ω—Å–ø–æ—Ä—Ç,https://adex.az,iteca.az,–ê–∑–µ—Ä–±–∞–π–¥–∂–∞–Ω,–ë–∞–∫—É,parsed_images/390d55e2def2.jpg
"23-—è –ö–∞—Å–ø–∏–π—Å–∫–∞—è –ú–µ–∂–¥—É–Ω–∞—Ä–æ–¥–Ω–∞—è –í—ã—Å—Ç–∞–≤–∫–∞ ¬´–¢—Ä–∞–Ω—Å–ø–æ—Ä—Ç, –¢—Ä–∞–Ω–∑–∏—Ç –∏ –õ–æ–≥–∏—Å—Ç–∏–∫–∞¬ª","23-—è –ö–∞—Å–ø–∏–π—Å–∫–∞—è –ú–µ–∂–¥—É–Ω–∞—Ä–æ–¥–Ω–∞—è –í—ã—Å—Ç–∞–≤–∫–∞ ¬´–¢—Ä–∞–Ω—Å–ø–æ—Ä—Ç, –¢—Ä–∞–Ω–∑–∏—Ç –∏ –õ–æ–≥–∏—Å—Ç–∏–∫–∞¬ª","23-—è –ö–∞—Å–ø–∏–π—Å–∫–∞—è –ú–µ–∂–¥—É–Ω–∞—Ä–æ–¥–Ω–∞—è –í—ã—Å—Ç–∞–≤–∫–∞ ¬´–¢—Ä–∞–Ω—Å–ø–æ—Ä—Ç, –¢—Ä–∞–Ω–∑–∏—Ç –∏ –õ–æ–≥–∏—Å—Ç–∏–∫–∞¬ª",,01.06.2026,–¢—Ä–∞–Ω—Å–ø–æ—Ä—Ç,https://translogistica.az,iteca.az,–ê–∑–µ—Ä–±–∞–π–¥–∂–∞–Ω,–ë–∞–∫—É,parsed_images/81b5676c8a9f.jpg
31-–π –ë–∞–∫–∏–Ω—Å–∫–∏–π –≠–Ω–µ—Ä–≥–µ—Ç–∏—á–µ—Å–∫–∏–π –§–æ—Ä—É–º,31-–π –ë–∞–∫–∏–Ω—Å–∫–∏–π –≠–Ω–µ—Ä–≥–µ—Ç–∏—á–µ—Å–∫–∏–π –§–æ—Ä—É–º,31-–π –ë–∞–∫–∏–Ω—Å–∫–∏–π –≠–Ω–µ—Ä–≥–µ—Ç–∏—á–µ—Å–∫–∏–π –§–æ—Ä—É–º,,01.06.2026,–≠–Ω–µ—Ä–≥–µ—Ç–∏–∫–∞,https://bakuenergyforum.az,iteca.az,–ê–∑–µ—Ä–±–∞–π–¥–∂–∞–Ω,–ë–∞–∫—É,parsed_images/a4eecbfedc6e.jpg
14-—è –ö–∞—Å–ø–∏–π—Å–∫–∞—è –ú–µ–∂–¥—É–Ω–∞—Ä–æ–¥–Ω–∞—è –í—ã—Å—Ç–∞–≤–∫–∞ ¬´–ß–∏—Å—Ç–∞—è –≠–Ω–µ—Ä–≥–µ—Ç–∏–∫–∞¬ª,14-—è –ö–∞—Å–ø–∏–π—Å–∫–∞—è –ú–µ–∂–¥—É–Ω–∞—Ä–æ–¥–Ω–∞—è –í—ã—Å—Ç–∞–≤–∫–∞ ¬´–ß–∏—Å—Ç–∞—è –≠–Ω–µ—Ä–≥–µ—Ç–∏–∫–∞¬ª,14-—è –ö–∞—Å–ø–∏–π—Å–∫–∞—è –ú–µ–∂–¥—É–Ω–∞—Ä–æ–¥–Ω–∞—è –í—ã—Å—Ç–∞–≤–∫–∞ ¬´–ß–∏—Å—Ç–∞—è –≠–Ω–µ—Ä–≥–µ—Ç–∏–∫–∞¬ª,,01.06.2026,–≠–Ω–µ—Ä–≥–µ—Ç–∏–∫–∞,https://caspianpower.az,iteca.az,–ê–∑–µ—Ä–±–∞–π–¥–∂–∞–Ω,–ë–∞–∫—É,parsed_images/1cc551f390b2.jpg
31-—è –ú–µ–∂–¥—É–Ω–∞—Ä–æ–¥–Ω–∞—è –í—ã—Å—Ç–∞–≤–∫–∞ ¬´–ù–µ—Ñ—Ç—å –∏ –ì–∞–∑ –ö–∞—Å–ø–∏—è¬ª,31-—è –ú–µ–∂–¥—É–Ω–∞—Ä–æ–¥–Ω–∞—è –í—ã—Å—Ç–∞–≤–∫–∞ ¬´–ù–µ—Ñ—Ç—å –∏ –ì–∞–∑ –ö–∞—Å–ø–∏—è¬ª,31-—è –ú–µ–∂–¥—É–Ω–∞—Ä–æ–¥–Ω–∞—è –í—ã—Å—Ç–∞–≤–∫–∞ ¬´–ù–µ—Ñ—Ç—å –∏ –ì–∞–∑ –ö–∞—Å–ø–∏—è¬ª,,01.06.2026,–ù–µ—Ñ—Ç—å –∏ –ì–∞–∑,https://caspianoilgas.az,iteca.az,–ê–∑–µ—Ä–±–∞–π–¥–∂–∞–Ω,–ë–∞–∫—É,parsed_images/c1a3376fd3e0.jpg
–ë–∞–∫–∏–Ω—Å–∫–∞—è –≠–Ω–µ—Ä–≥–µ—Ç–∏—á–µ—Å–∫–∞—è –ù–µ–¥–µ–ª—è,–ë–∞–∫–∏–Ω—Å–∫–∞—è –≠–Ω–µ—Ä–≥–µ—Ç–∏—á–µ—Å–∫–∞—è –ù–µ–¥–µ–ª—è,–ë–∞–∫–∏–Ω—Å–∫–∞—è –≠–Ω–µ—Ä–≥–µ—Ç–∏—á–µ—Å–∫–∞—è –ù–µ–¥–µ–ª—è,,01.06.2026,–≠–Ω–µ—Ä–≥–µ—Ç–∏–∫–∞,https://,iteca.az,–ê–∑–µ—Ä–±–∞–π–¥–∂–∞–Ω,–ë–∞–∫—É,parsed_images/bea31733448c.jpg
"14-—è –ö–∞—Å–ø–∏–π—Å–∫–∞—è –ú–µ–∂–¥—É–Ω–∞—Ä–æ–¥–Ω–∞—è –≤—ã—Å—Ç–∞–≤–∫–∞ ¬´–í—Å–µ –¥–ª—è –û—Ç–µ–ª–µ–π, –†–µ—Å—Ç–æ—Ä–∞–Ω–æ–≤ –∏ –°—É–ø–µ—Ä–º–∞—Ä–∫–µ—Ç–æ–≤¬ª","14-—è –ö–∞—Å–ø–∏–π—Å–∫–∞—è –ú–µ–∂–¥—É–Ω–∞—Ä–æ–¥–Ω–∞—è –≤—ã—Å—Ç–∞–≤–∫–∞ ¬´–í—Å–µ –¥–ª—è –û—Ç–µ–ª–µ–π, –†–µ—Å—Ç–æ—Ä–∞–Ω–æ–≤ –∏ –°—É–ø–µ—Ä–º–∞—Ä–∫–µ—Ç–æ–≤¬ª","14-—è –ö–∞—Å–ø–∏–π—Å–∫–∞—è –ú–µ–∂–¥—É–Ω–∞—Ä–æ–¥–Ω–∞—è –≤—ã—Å—Ç–∞–≤–∫–∞ ¬´–í—Å–µ –¥–ª—è –û—Ç–µ–ª–µ–π, –†–µ—Å—Ç–æ—Ä–∞–Ω–æ–≤ –∏ –°—É–ø–µ—Ä–º–∞—Ä–∫–µ—Ç–æ–≤¬ª",,05.05.2026,–¢—Ä–∞–Ω—Å–ø–æ—Ä—Ç,https://horecaexpo.az,iteca.az,–ê–∑–µ—Ä–±–∞–π–¥–∂–∞–Ω,–ë–∞–∫—É,parsed_images/08e68820e684.jpg
31-—è –ê–∑–µ—Ä–±–∞–π–¥–∂–∞–Ω—Å–∫–∞—è –ú–µ–∂–¥—É–Ω–∞—Ä–æ–¥–Ω–∞—è –í—ã—Å—Ç–∞–≤–∫–∞ ¬´–ü–∏—â–µ–≤–∞—è –ü—Ä–æ–º—ã—à–ª–µ–Ω–Ω–æ—Å—Ç—å¬ª,31-—è –ê–∑–µ—Ä–±–∞–π–¥–∂–∞–Ω—Å–∫–∞—è –ú–µ–∂–¥—É–Ω–∞—Ä–æ–¥–Ω–∞—è –í—ã—Å—Ç–∞–≤–∫–∞ ¬´–ü–∏—â–µ–≤–∞—è –ü—Ä–æ–º—ã—à–ª–µ–Ω–Ω–æ—Å—Ç—å¬ª,31-—è –ê–∑–µ—Ä–±–∞–π–¥–∂–∞–Ω—Å–∫–∞—è –ú–µ–∂–¥—É–Ω–∞—Ä–æ–¥–Ω–∞—è –í—ã—Å—Ç–∞–≤–∫–∞ ¬´–ü–∏—â–µ–≤–∞—è –ü—Ä–æ–º—ã—à–ª–µ–Ω–Ω–æ—Å—Ç—å¬ª,,05.05.2026,–¢—Ä–∞–Ω—Å–ø–æ—Ä—Ç,https://interfood.az,iteca.az,–ê–∑–µ—Ä–±–∞–π–¥–∂–∞–Ω,–ë–∞–∫—É,parsed_images/020b665451eb.jpg
UEW 2026,UEW 2026,CAEx / –£–∑–±–µ–∫–∏—Å—Ç–∞–Ω,CAEx / –£–∑–±–µ–∫–∏—Å—Ç–∞–Ω,,–î—Ä—É–≥–æ–µ,https://energyforum.uz,iteca.uz,–£–∑–±–µ–∫–∏—Å—Ç–∞–Ω,–¢–∞—à–∫–µ–Ω—Ç,NO IMAGE
OGU 2026,OGU 2026,CAEx –£–∑–±–µ–∫–∏—Å—Ç–∞–Ω / –¢–∞—à–∫–µ–Ω—Ç,CAEx –£–∑–±–µ–∫–∏—Å—Ç–∞–Ω / –¢–∞—à–∫–µ–Ω—Ç,,–î—Ä—É–≥–æ–µ,https://oilgas.uz,iteca.uz,–£–∑–±–µ–∫–∏—Å—Ç–∞–Ω,–¢–∞—à–∫–µ–Ω—Ç,NO IMAGE
TIHE 2026,TIHE 2026,CAEx Uzbekistan / –¢–∞—à–∫–µ–Ω—Ç,CAEx Uzbekistan / –¢–∞—à–∫–µ–Ω—Ç,,–î—Ä—É–≥–æ–µ,https://tihe.uz,iteca.uz,–£–∑–±–µ–∫–∏—Å—Ç–∞–Ω,–¢–∞—à–∫–µ–Ω—Ç,NO IMAGE
Tashkent Water Week 2026,Tashkent Water Week 2026,"JW Marriott Hotel Tashkent / –¢–∞—à–∫–µ–Ω—Ç, –£–∑–±–µ–∫–∏—Å—Ç–∞–Ω","JW Marriott Hotel Tashkent / –¢–∞—à–∫–µ–Ω—Ç, –£–∑–±–µ–∫–∏—Å—Ç–∞–Ω",,–¢—É—Ä–∏–∑–º,https://tashkentwaterweek.uz,iteca.uz,–£–∑–±–µ–∫–∏—Å—Ç–∞–Ω,–¢–∞—à–∫–µ–Ω—Ç,NO IMAGE
AgroWorld Uzbekistan 2026,AgroWorld Uzbekistan 2026,"–ù–í–ö ""–£–∑—ç–∫—Å–ø–æ—Ü–µ–Ω—Ç—Ä"" / –¢–∞—à–∫–µ–Ω—Ç, –£–∑–±–µ–∫–∏—Å—Ç–∞–Ω","–ù–í–ö ""–£–∑—ç–∫—Å–ø–æ—Ü–µ–Ω—Ç—Ä"" / –¢–∞—à–∫–µ–Ω—Ç, –£–∑–±–µ–∫–∏—Å—Ç–∞–Ω",,–î—Ä—É–≥–æ–µ,https://agroworld.uz,iteca.uz,–£–∑–±–µ–∫–∏—Å—Ç–∞–Ω,–¢–∞—à–∫–µ–Ω—Ç,NO IMAGE
27-—è –ú–µ–∂–¥—É–Ω–∞—Ä–æ–¥–Ω–∞—è –≤—ã—Å—Ç–∞–≤–∫–∞ ¬´–°—Ç—Ä–æ–∏—Ç–µ–ª—å—Å—Ç–≤–æ -UzBuild 2026¬ª –°–ø–µ—Ü–∏–∞–ª–∏–∑–∏—Ä–æ–≤–∞–Ω–Ω—ã–π —Ä–∞–∑–¥–µ–ª UzBui‚Ä¶,27-—è –ú–µ–∂–¥—É–Ω–∞—Ä–æ–¥–Ω–∞—è –≤—ã—Å—Ç–∞–≤–∫–∞ ¬´–°—Ç—Ä–æ–∏—Ç–µ–ª—å—Å—Ç–≤–æ -UzBuild 2026¬ª –°–ø–µ—Ü–∏–∞–ª–∏–∑–∏—Ä–æ–≤–∞–Ω–Ω—ã–π —Ä–∞–∑–¥–µ–ª UzBui‚Ä¶,,,,–°—Ç—Ä–æ–∏—Ç–µ–ª—å—Å—Ç–≤–æ,https://uzexpocentre.uz/ru/news/27-th-uzbekistan-international-exhibition-for-construction-uzbuild-2026-specialized-section-of-uzbuild-construction-techniques-technologies-buildtech-2026,uzexpocentre.uz,–£–∑–±–µ–∫–∏—Å—Ç–∞–Ω,,parsed_images/04af469dd8b9.jpg
OGU 2026,OGU 2026,–ú–µ–∂–¥—É–Ω–∞—Ä–æ–¥–Ω–∞—è –≤—ã—Å—Ç–∞–≤–∫–∞ –∏ –∫–æ–Ω—Ñ–µ—Ä–µ–Ω—Ü–∏—è –ù–µ—Ñ—Ç—å –∏ –≥–∞–∑ –£–∑–±–µ–∫–∏—Å—Ç–∞–Ω–∞,CAEx Uzbekistan,12.05.2026,–ù–µ—Ñ—Ç—å –∏ –ì–∞–∑,https://expomap.ru/expo/ogu/,expomap.ru,–£–∑–±–µ–∫–∏—Å—Ç–∞–Ω,–¢–∞—à–∫–µ–Ω—Ç,https://expomap.ru/media/exposition/logo/17484332253418b4bff0ef633f993c18424ba949b832db6af3d04.png
Power Uzbekistan 2026,Power Uzbekistan 2026,"–≠–Ω–µ—Ä–≥–µ—Ç–∏–∫–∞, —ç–Ω–µ—Ä–≥–æ—Å–±–µ—Ä–µ–∂–µ–Ω–∏–µ, –∞—Ç–æ–º–Ω–∞—è —ç–Ω–µ—Ä–≥–µ—Ç–∏–∫–∞, –∞–ª—å—Ç–µ—Ä–Ω–∞—Ç–∏–≤–Ω—ã–µ –∏—Å—Ç–æ—á–Ω–∏–∫–∏ —ç–Ω–µ—Ä–≥–∏–∏",CAEx Uzbekistan,12.05.2026,–≠–Ω–µ—Ä–≥–µ—Ç–∏–∫–∞,https://expomap.ru/expo/power-uzbekistan/,expomap.ru,–£–∑–±–µ–∫–∏—Å—Ç–∞–Ω,–¢–∞—à–∫–µ–Ω—Ç,https://expomap.ru/media/exposition/logo/1678939100341bced73fefb0713525a45291602232b8dec1cfe53.1.png
Beauty Uzbekistan 2026,Beauty Uzbekistan 2026,"–ú–µ–∂–¥—É–Ω–∞—Ä–æ–¥–Ω–∞—è –≤—ã—Å—Ç–∞–≤–∫–∞ –∏–Ω–¥—É—Å—Ç—Ä–∏–∏ –∫—Ä–∞—Å–æ—Ç—ã, —ç—Å—Ç–µ—Ç–∏—á–µ—Å–∫–æ–π –º–µ–¥–∏—Ü–∏–Ω—ã, –∫–æ—Å–º–µ—Ç–æ–ª–æ–≥–∏–∏ –∏ –∞–Ω—Ç–∏–≤–æ–∑—Ä–∞—Å—Ç–Ω–æ–≥–æ —É—Ö–æ–¥–∞",CAEx Uzbekistan,28.04.2026,–ú–µ–¥–∏—Ü–∏–Ω–∞,https://expomap.ru/expo/beauty-uzbekistan/,expomap.ru,–£–∑–±–µ–∫–∏—Å—Ç–∞–Ω,–¢–∞—à–∫–µ–Ω—Ç,https://expomap.ru/media/exposition/logo/17484342353413d184b7f7a13d75dee489bc83383a174d8ec686e.png
Woodtech & MebelExpo Uzbeksitan 2026,Woodtech & MebelExpo Uzbeksitan 2026,–ú–µ–∂–¥—É–Ω–∞—Ä–æ–¥–Ω–∞—è –≤—ã—Å—Ç–∞–≤–∫–∞ –¢–µ—Ö–Ω–æ–ª–æ–≥–∏–∏ –ø—Ä–æ–∏–∑–≤–æ–¥—Å—Ç–≤–∞. –î–µ—Ä–µ–≤–æ–æ–±—Ä–∞–±–æ—Ç–∫–∞. –ú–µ–±–µ–ª—å –∏ –∏–Ω—Ç–µ—Ä—å–µ—Ä,–ù–í–ö ¬´–£–∑—ç–∫—Å–ø–æ—Ü–µ–Ω—Ç—Ä¬ª,28.04.2026,IT/Digital,https://expomap.ru/expo/woodtech-mebelexpo-uzbeksitan/,expomap.ru,–£–∑–±–µ–∫–∏—Å—Ç–∞–Ω,–¢–∞—à–∫–µ–Ω—Ç,https://expomap.ru/media/exposition/logo/1751449250341f21bfb94cdf9cd6c702b92048968575981fe173b.png
–ò–ù–ù–û–ü–†–û–ú. –¶–µ–Ω—Ç—Ä–∞–ª—å–Ω–∞—è –ê–∑–∏—è 2026,–ò–ù–ù–û–ü–†–û–ú. –¶–µ–Ω—Ç—Ä–∞–ª—å–Ω–∞—è –ê–∑–∏—è 2026,–ú–µ–∂–¥—É–Ω–∞—Ä–æ–¥–Ω–∞—è –ø—Ä–æ–º—ã—à–ª–µ–Ω–Ω–∞—è –≤—ã—Å—Ç–∞–≤–∫–∞,CAEx Uzbekistan,20.04.2026,–¢—Ä–∞–Ω—Å–ø–æ—Ä—Ç,https://expomap.ru/expo/innoprom-tsentralnaja-azija/?erid=2Vfnxw5aTuj,expomap.ru,–£–∑–±–µ–∫–∏—Å—Ç–∞–Ω,–¢–∞—à–∫–µ–Ω—Ç,https://expomap.ru/media/exposition/logo/InnopromCentralAsia_200x200.png
Big Industrial Week Tashkent 2026,Big Industrial Week Tashkent 2026,–ú–µ–∂–¥—É–Ω–∞—Ä–æ–¥–Ω–∞—è –ø—Ä–æ–º—ã—à–ª–µ–Ω–Ω–∞—è –∏ —Ç–µ—Ö–Ω–æ–ª–æ–≥–∏—á–µ—Å–∫–∞—è –≤—ã—Å—Ç–∞–≤–∫–∞ –∏ —Ñ–æ—Ä—É–º,CAEx Uzbekistan,20.04.2026,IT/Digital,https://expomap.ru/expo/big-industrial-week-tashkent/,expomap.ru,–£–∑–±–µ–∫–∏—Å—Ç–∞–Ω,–¢–∞—à–∫–µ–Ω—Ç,NO IMAGE
UzSecureExpo 2026,UzSecureExpo 2026,–ú–µ–∂–¥—É–Ω–∞—Ä–æ–¥–Ω–∞—è —Å–ø–µ—Ü–∏–∞–ª–∏–∑–∏—Ä–æ–≤–∞–Ω–Ω–∞—è –≤—ã—Å—Ç–∞–≤–∫–∞ –¢–µ—Ö–Ω–æ–ª–æ–≥–∏–∏ –±–µ–∑–æ–ø–∞—Å–Ω–æ—Å—Ç–∏. –ü—Ä–æ—Ç–∏–≤–æ–ø–æ–∂–∞—Ä–Ω–∞—è –∑–∞—â–∏—Ç–∞. –û—Ö—Ä–∞–Ω–∞ —Ç—Ä—É–¥–∞. IT –±–µ–∑–æ–ø–∞—Å–Ω–æ—Å—Ç—å .,–ù–í–ö ¬´–£–∑—ç–∫—Å–ø–æ—Ü–µ–Ω—Ç—Ä¬ª,07.04.2026,IT/Digital,https://expomap.ru/expo/uzsecureexpo/,expomap.ru,–£–∑–±–µ–∫–∏—Å—Ç–∞–Ω,–¢–∞—à–∫–µ–Ω—Ç,https://expomap.ru/media/exposition/logo/UzSecureExpo-2026-logo.jpg
UzMetalMashExpo 2026,UzMetalMashExpo 2026,"–ú–µ–∂–¥—É–Ω–∞—Ä–æ–¥–Ω–∞—è –≤—ã—Å—Ç–∞–≤–∫–∞ –º–µ—Ç–∞–ª–ª—É—Ä–≥–∏–∏, –º–µ—Ç–∞–ª–ª–æ–æ–±—Ä–∞–±–æ—Ç–∫–∏ –∏ —Å–≤–∞—Ä–∫–∏",–ù–í–ö ¬´–£–∑—ç–∫—Å–ø–æ—Ü–µ–Ω—Ç—Ä¬ª,07.04.2026,Mining,https://expomap.ru/expo/uzmetalmashexpo/,expomap.ru,–£–∑–±–µ–∫–∏—Å—Ç–∞–Ω,–¢–∞—à–∫–µ–Ω—Ç,https://expomap.ru/media/exposition/logo/UzMetalMash-2026-logo.jpg
UzTechTransExpo 2026,UzTechTransExpo 2026,"–ú–µ–∂–¥—É–Ω–∞—Ä–æ–¥–Ω–∞—è –≤—ã—Å—Ç–∞–≤–∫–∞ —Å–ø–µ—Ü—Ç–µ—Ö–Ω–∏–∫–∏, —Ç—Ä–∞–Ω—Å–ø–æ—Ä—Ç–∞ –∏ –ª–æ–≥–∏—Å—Ç–∏—á–µ—Å–∫–∏—Ö —É—Å–ª—É–≥",–ù–í–ö ¬´–£–∑—ç–∫—Å–ø–æ—Ü–µ–Ω—Ç—Ä¬ª,07.04.2026,–¢—Ä–∞–Ω—Å–ø–æ—Ä—Ç,https://expomap.ru/expo/uztechtransexpo/,expomap.ru,–£–∑–±–µ–∫–∏—Å—Ç–∞–Ω,–¢–∞—à–∫–µ–Ω—Ç,https://expomap.ru/media/exposition/logo/UzTechTransExpo-2026-logo.jpg
UzChemPlastExpo 2026,UzChemPlastExpo 2026,–ú–µ–∂–¥—É–Ω–∞—Ä–æ–¥–Ω–∞—è —Å–ø–µ—Ü–∏–∞–ª–∏–∑–∏—Ä–æ–≤–∞–Ω–Ω–∞—è –≤—ã—Å—Ç–∞–≤–∫–∞ —Ö–∏–º–∏—á–µ—Å–∫–æ–π –ø—Ä–æ–º—ã—à–ª–µ–Ω–Ω–æ—Å—Ç–∏,–ù–í–ö ¬´–£–∑—ç–∫—Å–ø–æ—Ü–µ–Ω—Ç—Ä¬ª,07.04.2026,–¢—Ä–∞–Ω—Å–ø–æ—Ä—Ç,https://expomap.ru/expo/uzchemplastexpo/,expomap.ru,–£–∑–±–µ–∫–∏—Å—Ç–∞–Ω,–¢–∞—à–∫–µ–Ω—Ç,https://expomap.ru/media/exposition/logo/UzChemPlastExpo-2026-logo.jpg
–£–ø–∞–∫–æ–≤–∫–∞. –û–±–æ—Ä—É–¥–æ–≤–∞–Ω–∏–µ –∏ –ú–∞—Ç–µ—Ä–∏–∞–ª—ã - O`ZuPACK 2026,–£–ø–∞–∫–æ–≤–∫–∞. –û–±–æ—Ä—É–¥–æ–≤–∞–Ω–∏–µ –∏ –ú–∞—Ç–µ—Ä–∏–∞–ª—ã - O`ZuPACK 2026,"–ú–µ–∂–¥—É–Ω–∞—Ä–æ–¥–Ω–∞—è –≤—ã—Å—Ç–∞–≤–∫–∞ —É–ø–∞–∫–æ–≤–∫–∏, –æ–±–æ—Ä—É–¥–æ–≤–∞–Ω–∏–π –∏ –º–∞—Ç–µ—Ä–∏–∞–ª–æ–≤",–ù–í–ö ¬´–£–∑—ç–∫—Å–ø–æ—Ü–µ–Ω—Ç—Ä¬ª,01.04.2026,–†–∏—Ç–µ–π–ª/FMCG,https://expomap.ru/expo/ozupack/,expomap.ru,–£–∑–±–µ–∫–∏—Å—Ç–∞–Ω,–¢–∞—à–∫–µ–Ω—Ç,https://expomap.ru/media/exposition/logo/ozupack.png
UzFood 2026,UzFood 2026,–ú–µ–∂–¥—É–Ω–∞—Ä–æ–¥–Ω–∞—è –≤—ã—Å—Ç–∞–≤–∫–∞ –ø—Ä–æ–¥—É–∫—Ç–æ–≤ –ø–∏—Ç–∞–Ω–∏—è,–ù–í–ö ¬´–£–∑—ç–∫—Å–ø–æ—Ü–µ–Ω—Ç—Ä¬ª,01.04.2026,–ê–≥—Ä–æ—Å–µ–∫—Ç–æ—Ä,https://expomap.ru/expo/uzfood/,expomap.ru,–£–∑–±–µ–∫–∏—Å—Ç–∞–Ω,–¢–∞—à–∫–µ–Ω—Ç,https://expomap.ru/media/exposition/logo/15596462823419a9d18521f25b448409eb8069f35549f5cb7721a_d35pfJS.3.png
AgroWorld Uzbekistan 2026,AgroWorld Uzbekistan 2026,–ú–µ–∂–¥—É–Ω–∞—Ä–æ–¥–Ω–∞—è –≤—ã—Å—Ç–∞–≤–∫–∞ –°–µ–ª—å—Å–∫–æ–µ —Ö–æ–∑—è–π—Å—Ç–≤–æ,–ù–í–ö ¬´–£–∑—ç–∫—Å–ø–æ—Ü–µ–Ω—Ç—Ä¬ª,25.03.2026,–ê–≥—Ä–æ—Å–µ–∫—Ç–æ—Ä,https://expomap.ru/expo/agroworld-uzbekistan/,expomap.ru,–£–∑–±–µ–∫–∏—Å—Ç–∞–Ω,–¢–∞—à–∫–µ–Ω—Ç,https://expomap.ru/media/exposition/logo/logo_TRl28cN.3.png
Greenhouse –ê–ª–º–∞—Ç—ã 2026,Greenhouse –ê–ª–º–∞—Ç—ã 2026,–ú–µ–∂–¥—É–Ω–∞—Ä–æ–¥–Ω–∞—è –≤—ã—Å—Ç–∞–≤–∫–∞ —Å–∞–¥–æ–≤–æ–¥—Å—Ç–≤–∞ –∏ —Ü–≤–µ—Ç–æ–≤–æ–¥—Å—Ç–≤–∞,–í–¶ ¬´–ê—Ç–∞–∫–µ–Ω—Ç¬ª,01.04.2026,–¢—Ä–∞–Ω—Å–ø–æ—Ä—Ç,https://expomap.ru/expo/greenhouse-almaty/,expomap.ru,–ö–∞–∑–∞—Ö—Å—Ç–∞–Ω,–ê–ª–º–∞—Ç—ã,https://expomap.ru/media/exposition/logo/16696908835797a1dffb517fa07e7b912e740f1a216a09c8ebb2e2.7.jpg
ExpoBike Kazakhstan 2026,ExpoBike Kazakhstan 2026,–≤—ã—Å—Ç–∞–≤–∫–∞ –≤–µ–ª–æ—Å–∏–ø–µ–¥–æ–≤,–í–¶ ¬´–ê—Ç–∞–∫–µ–Ω—Ç¬ª,27.03.2026,–î—Ä—É–≥–æ–µ,https://expomap.ru/expo/expobike-kazakhstan/,expomap.ru,–ö–∞–∑–∞—Ö—Å—Ç–∞–Ω,–ê–ª–º–∞—Ç—ã,https://expomap.ru/media/exposition/logo/logo_ok_Motoexpo_jhrsiGe.png
Central Asia Fashion Spring 2026,Central Asia Fashion Spring 2026,–º–µ–∂–¥—É–Ω–∞—Ä–æ–¥–Ω–∞—è –≤—ã—Å—Ç–∞–≤–∫–∞ –º–æ–¥—ã,–í–¶ ¬´–ê—Ç–∞–∫–µ–Ω—Ç¬ª,09.03.2026,–¢—Ä–∞–Ω—Å–ø–æ—Ä—Ç,https://expomap.ru/expo/central-asia-fashion/,expomap.ru,–ö–∞–∑–∞—Ö—Å—Ç–∞–Ω,–ê–ª–º–∞—Ç—ã,https://expomap.ru/media/exposition/logo/central-asia-fashion-summer-2025-logo.1.jpg
–ú–ï–ñ–î–£–ù–ê–†–û–î–ù–ê–Ø –û–ë–†–ê–ó–û–í–ê–¢–ï–õ–¨–ù–ê–Ø –í–´–°–¢–ê–í–ö–ê –ö–ê–ó–ê–•–°–¢–ê–ù–ê 2026,–ú–ï–ñ–î–£–ù–ê–†–û–î–ù–ê–Ø –û–ë–†–ê–ó–û–í–ê–¢–ï–õ–¨–ù–ê–Ø –í–´–°–¢–ê–í–ö–ê –ö–ê–ó–ê–•–°–¢–ê–ù–ê 2026,"–í –ø—Ä–µ–¥—ã–¥—É—â–µ–º –≤—ã–ø—É—Å–∫–µ –ö–∞–∑–∞—Ö—Å—Ç–∞–Ω—Å–∫–æ–π –º–µ–∂–¥—É–Ω–∞—Ä–æ–¥–Ω–æ–π –æ–±—Ä–∞–∑–æ–≤–∞—Ç–µ–ª—å–Ω–æ–π –≤—ã—Å—Ç–∞–≤–∫–∏ –ø—Ä–∏–Ω—è–ª–∏ —É—á–∞—Å—Ç–∏–µ 25 —É—á–µ–±–Ω—ã—Ö –∑–∞–≤–µ–¥–µ–Ω–∏–π –∏–∑ 10 —Å—Ç—Ä–∞–Ω, –∞ –±–æ–ª–µ–µ 1400 –ø–æ—Å–µ—Ç–∏—Ç–µ–ª–µ–π –ø–æ–±—ã–≤–∞–ª–∏‚Ä¶",,27.02.2026,–¢—Ä–∞–Ω—Å–ø–æ—Ä—Ç,https://vystavki.su/%d0%bc%d0%b5%d0%b6%d0%b4%d1%83%d0%bd%d0%b0%d1%80%d0%be%d0%b4%d0%bd%d0%b0%d1%8f-%d0%be%d0%b1%d1%80%d0%b0%d0%b7%d0%be%d0%b2%d0%b0%d1%82%d0%b5%d0%bb%d1%8c%d0%bd%d0%b0%d1%8f-%d0%b2%d1%8b%d1%81%d1%82%d0%b0/,vystavki.su,–ö–∞–∑–∞—Ö—Å—Ç–∞–Ω,–ê—Å—Ç–∞–Ω–∞,parsed_images/6d3fe762d5d1.jpg
UNITED PROPERTY EXPO 2026,UNITED PROPERTY EXPO 2026,"–ù–∞ –≤—ã—Å—Ç–∞–≤–∫–µ –±—É–¥–µ—Ç –ø—Ä–µ–¥—Å—Ç–∞–≤–ª–µ–Ω–æ –±–æ–ª–µ–µ 10 000 –æ–±—ä–µ–∫—Ç–æ–≤ –Ω–µ–¥–≤–∏–∂–∏–º–æ—Å—Ç–∏ –∏–∑ 12 —Å—Ç—Ä–∞–Ω. –ö—Ä—É–ø–Ω—ã–µ —Å—Ç—Ä–æ–∏—Ç–µ–ª—å–Ω—ã–µ –∫–æ–º–ø–∞–Ω–∏–∏, –Ω–∞–¥–µ–∂–Ω—ã–µ –¥–µ–≤–µ–ª–æ–ø–µ—Ä—ã –∏ –ø—Ä–æ–≤–µ—Ä–µ–Ω–Ω—ã–µ –∞–≥–µ–Ω—Ç—Å—Ç–≤–∞‚Ä¶",,18.02.2026,IT/Digital,https://vystavki.su/united-property-expo/,vystavki.su,–£–∑–±–µ–∫–∏—Å—Ç–∞–Ω,–¢–∞—à–∫–µ–Ω—Ç,parsed_images/a338dde0dfbe.jpg
E-commerce Central Asia Expo 2026,E-commerce Central Asia Expo 2026,2-—è –º–µ–∂–¥—É–Ω–∞—Ä–æ–¥–Ω–∞—è –≤—ã—Å—Ç–∞–≤–∫–∞ –∏ –∫–æ–Ω—Ñ–µ—Ä–µ–Ω—Ü–∏—è –≤ —Å—Ä–µ–¥–Ω–µ–π –∞–∑–∏–∏ –¥–ª—è —É—á–∞—Å—Ç–Ω–∏–∫–æ–≤ —ç–∫–æ—Å–∏—Å—Ç–µ–º—ã —ç–ª–µ–∫—Ç—Ä–æ–Ω–Ω–æ–π –∫–æ–º–º–µ—Ä—Ü–∏–∏.,,,–¢—Ä–∞–Ω—Å–ø–æ—Ä—Ç,https://exposale.net/ru/exhibition/e-commerce-central-asia-expo,exposale.net,–£–∑–±–µ–∫–∏—Å—Ç–∞–Ω,–¢–∞—à–∫–µ–Ω—Ç,parsed_images/1a91661b7eba.png
UzMiningExpo 2026,UzMiningExpo 2026,–ú–µ–∂–¥—É–Ω–∞—Ä–æ–¥–Ω–∞—è —Å–ø–µ—Ü–∏–∞–ª–∏–∑–∏—Ä–æ–≤–∞–Ω–Ω–∞—è –≤—ã—Å—Ç–∞–≤–∫–∞ —Ç–µ—Ö–Ω–æ–ª–æ–≥–∏–π –∏ –æ–±–æ—Ä—É–¥–æ–≤–∞–Ω–∏—è –¥–ª—è –≥–æ—Ä–Ω–æ–¥–æ–±—ã–≤–∞—é—â–µ–π –ø—Ä–æ–º—ã—à–ª–µ–Ω–Ω–æ—Å—Ç–∏,–ù–í–ö ¬´–£–∑—ç–∫—Å–ø–æ—Ü–µ–Ω—Ç—Ä¬ª,07.04.2026,Mining,https://expomap.ru/expo/uzminingexpo/,expomap.ru,–£–∑–±–µ–∫–∏—Å—Ç–∞–Ω,–¢–∞—à–∫–µ–Ω—Ç,https://expomap.ru/media/exposition/logo/UzMiningExpo-2026-logo.jpg
–¶–≤–µ—Ç—ã.–¢–µ–ø–ª–∏—Ü—ã. –§–∞–∑–µ–Ω–¥–∞ 2026,–¶–≤–µ—Ç—ã.–¢–µ–ø–ª–∏—Ü—ã. –§–∞–∑–µ–Ω–¥–∞ 2026,16-—è –µ–≤—Ä–∞–∑–∏–π—Å–∫–∞—è –º–µ–∂–¥—É–Ω–∞—Ä–æ–¥–Ω–∞—è –≤—ã—Å—Ç–∞–≤–∫–∞ —Ü–≤–µ—Ç–æ–≤,–ö–¶–î–° &quot;–ê—Ç–∞–∫–µ–Ω—Ç&quot;,01.04.2026,–¢—Ä–∞–Ω—Å–ø–æ—Ä—Ç,https://exposale.net/ru/exhibition/cvety-flowers-almaty,exposale.net,–ö–∞–∑–∞—Ö—Å—Ç–∞–Ω,–ê–ª–º–∞—Ç—ã,https://exposale.net/template-admin/assets/elFinder/files/logotypes/Cveti_teplici_fazenda.jpg
Su Arnasy &ndash; Water Expo 2026,Su Arnasy &ndash; Water Expo 2026,15-—è –º–µ–∂–¥—É–Ω–∞—Ä–æ–¥–Ω–∞—è –≤—ã—Å—Ç–∞–≤–∫–∞ –∏ –∫–æ–Ω—Ñ–µ—Ä–µ–Ω—Ü–∏—è –≤–æ–¥–Ω–æ–π –∏–Ω–¥—É—Å—Ç—Ä–∏–∏,–ú–í–¶ &quot;EXPO&quot;,01.04.2026,–¢—Ä–∞–Ω—Å–ø–æ—Ä—Ç,https://exposale.net/ru/exhibition/su-arnasy-water-expo,exposale.net,–ö–∞–∑–∞—Ö—Å—Ç–∞–Ω,–ê—Å—Ç–∞–Ω–∞,https://exposale.net/template-admin/assets/elFinder/files/logotypes/su-arnasy-water-expo.png
Kazakhstan Machinery Fair 2026,Kazakhstan Machinery Fair 2026,7-—è –º–µ–∂–¥—É–Ω–∞—Ä–æ–¥–Ω–∞—è —Å–ø–µ—Ü–∏–∞–ª–∏–∑–∏—Ä–æ–≤–∞–Ω–Ω–∞—è –≤—ã—Å—Ç–∞–≤–∫–∞ –ø–æ –º–∞—à–∏–Ω–æ—Å—Ç—Ä–æ–µ–Ω–∏—é –∏ –º–µ—Ç–∞–ª–ª–æ–æ–±—Ä–∞–±–æ—Ç–∫–µ,–ú–í–¶ &quot;EXPO&quot;,01.04.2026,IT/Digital,https://exposale.net/ru/exhibition/kazakhstan-machinery-fair,exposale.net,–ö–∞–∑–∞—Ö—Å—Ç–∞–Ω,–ê—Å—Ç–∞–Ω–∞,https://exposale.net/template-admin/assets/elFinder/files/logotypes/kazakhstan-machinery-fair.png
Motoexpo Kazakhstan 2026,Motoexpo Kazakhstan 2026,"3-—è –º–µ–∂–¥—É–Ω–∞—Ä–æ–¥–Ω–∞—è –≤—ã—Å—Ç–∞–≤–∫–∞ –º–æ—Ç–æ—Ü–∏–∫–ª–æ–≤, –º–æ–ø–µ–¥–æ–≤, –≤–µ–ª–æ—Å–∏–ø–µ–¥–æ–≤, –∑–∞–ø—á–∞—Å—Ç–µ–π –∏ –∞–∫—Å–µ—Å—Å—É–∞—Ä–æ–≤",–ö–¶–î–° &quot;–ê—Ç–∞–∫–µ–Ω—Ç&quot;,27.03.2026,–¢—Ä–∞–Ω—Å–ø–æ—Ä—Ç,https://exposale.net/ru/exhibition/motoexpo-kazakhstan,exposale.net,–ö–∞–∑–∞—Ö—Å—Ç–∞–Ω,–ê–ª–º–∞—Ç—ã,https://exposale.net/template-admin/assets/elFinder/files/logotypes/Motoexpo_Kz.jpg
ExpoBike Kazkhstan 2026,ExpoBike Kazkhstan 2026,–ú–µ–∂–¥—É–Ω–∞—Ä–æ–¥–Ω–∞—è –≤—ã—Å—Ç–∞–≤–∫–∞ –≤–µ–ª–æ—Å–∏–ø–µ–¥–æ–≤ –∏ –∞–∫—Å–µ—Å—Å—É–∞—Ä–æ–≤,–ö–¶–î–° &quot;–ê—Ç–∞–∫–µ–Ω—Ç&quot;,27.03.2026,–¢—Ä–∞–Ω—Å–ø–æ—Ä—Ç,https://exposale.net/ru/exhibition/expobike-kazkhstan,exposale.net,–ö–∞–∑–∞—Ö—Å—Ç–∞–Ω,–ê–ª–º–∞—Ç—ã,https://exposale.net/template-admin/assets/elFinder/files/logotypes/logoBikeExpo.jpg
Central Asia Plast World 2026,Central Asia Plast World 2026,18-—è –º–µ–∂–¥—É–Ω–∞—Ä–æ–¥–Ω–∞—è –≤—ã—Å—Ç–∞–≤–∫–∞ –∏–Ω–¥—É—Å—Ç—Ä–∏–∏ –ø–ª–∞—Å—Ç–º–∞—Å—Å,–ö–¶–î–° &quot;–ê—Ç–∞–∫–µ–Ω—Ç&quot;,17.03.2026,–¢—Ä–∞–Ω—Å–ø–æ—Ä—Ç,https://exposale.net/ru/exhibition/central-asia-plast-world,exposale.net,–ö–∞–∑–∞—Ö—Å—Ç–∞–Ω,–ê–ª–º–∞—Ç—ã,https://exposale.net/template-admin/assets/elFinder/files/logotypes/central-asia-plast-world.png
United Property and Invest Show 2026,United Property and Invest Show 2026,–í—ã—Å—Ç–∞–≤–∫–∞ –∑–∞—Ä—É–±–µ–∂–Ω–æ–π –Ω–µ–¥–≤–∏–∂–∏–º–æ—Å—Ç–∏,–ì–æ—Å—Ç–∏–Ω–∏—Ü–∞ &quot;International&quot;,18.02.2026,IT/Digital,https://exposale.net/ru/exhibition/united-property-expo12345678910,exposale.net,–£–∑–±–µ–∫–∏—Å—Ç–∞–Ω,–¢–∞—à–∫–µ–Ω—Ç,https://exposale.net/template-admin/assets/elFinder/files/logotypes/united-property-expo.png
HomeDeco 2026,HomeDeco 2026,18-—è –º–µ–∂–¥—É–Ω–∞—Ä–æ–¥–Ω–∞—è –≤—ã—Å—Ç–∞–≤–∫–∞ –¥–æ–º–∞—à–Ω–µ–≥–æ —Ç–µ–∫—Å—Ç–∏–ª—è –∏ –¥–µ–∫–æ—Ä–∞,–ö–¶–î–° &quot;–ê—Ç–∞–∫–µ–Ω—Ç&quot;,16.02.2026,–¢—Ä–∞–Ω—Å–ø–æ—Ä—Ç,https://exposale.net/ru/exhibition/homedeco-kazahstan,exposale.net,–ö–∞–∑–∞—Ö—Å—Ç–∞–Ω,–ê–ª–º–∞—Ç—ã,https://exposale.net/template-admin/assets/elFinder/files/logotypes/homedeco.jpg
Tobacco Industry Technologies 2026,Tobacco Industry Technologies 2026,–ú–µ–∂–¥—É–Ω–∞—Ä–æ–¥–Ω–∞—è –≤—ã—Å—Ç–∞–≤–∫–∞ —Ç–∞–±–∞—á–Ω–æ–π –∏–Ω–¥—É—Å—Ç—Ä–∏–∏,–ü–∞—Ä–∫ –ê–Ω—Ö–æ—Ä,01.12.2026,–¢—Ä–∞–Ω—Å–ø–æ—Ä—Ç,https://exposale.net/ru/exhibition/tobacco-industry-technologies,exposale.net,–£–∑–±–µ–∫–∏—Å—Ç–∞–Ω,–¢–∞—à–∫–µ–Ω—Ç,https://exposale.net/template-admin/assets/elFinder/files/logotypes/logo%20tobaco%20(1).jpg
Lady EXPO 2026,Lady EXPO 2026,19-—è –º–µ–∂–¥—É–Ω–∞—Ä–æ–¥–Ω–∞—è –≤—ã—Å—Ç–∞–≤–∫–∞ —Ç–æ–≤–∞—Ä–æ–≤ –∏ —É—Å–ª—É–≥ –¥–ª—è –∂–µ–Ω—â–∏–Ω,–°–ö–ö –∏–º. –ö–∞—Ä–µ–Ω–∞ –î–µ–º–∏—Ä—á—è–Ω–∞,04.09.2026,–†–∏—Ç–µ–π–ª/FMCG,https://exposale.net/ru/exhibition/ledi-expo,exposale.net,–ê—Ä–º–µ–Ω–∏—è,–ï—Ä–µ–≤–∞–Ω,https://exposale.net/template-admin/assets/elFinder/php/../files/logotypes/ledi-expo.png
Trans EXPO 2026,Trans EXPO 2026,25-—è –º–µ–∂–¥—É–Ω–∞—Ä–æ–¥–Ω–∞—è —Å–ø–µ—Ü–∏–∞–ª–∏–∑–∏—Ä–æ–≤–∞–Ω–Ω–∞—è –≤—ã—Å—Ç–∞–≤–∫–∞ —Ç—Ä–∞–Ω—Å–ø–æ—Ä—Ç–∞ –∏ –ª–æ–≥–∏—Å—Ç–∏–∫–∏,–°–ö–ö –∏–º. –ö–∞—Ä–µ–Ω–∞ –î–µ–º–∏—Ä—á—è–Ω–∞,04.09.2026,–¢—Ä–∞–Ω—Å–ø–æ—Ä—Ç,https://exposale.net/ru/exhibition/trans-expo,exposale.net,–ê—Ä–º–µ–Ω–∏—è,–ï—Ä–µ–≤–∞–Ω,https://exposale.net/template-admin/assets/elFinder/php/../files/logotypes/trans-expo.png
Comp EXPO 2026,Comp EXPO 2026,"–ú–µ–∂–¥—É–Ω–∞—Ä–æ–¥–Ω–∞—è —Å–ø–µ—Ü–∏–∞–ª–∏–∑–∏—Ä–æ–≤–∞–Ω–Ω–∞—è –≤—ã—Å—Ç–∞–≤–∫–∞ it, –±–µ–∑–æ–ø–∞—Å–Ω–æ—Å—Ç–∏ –∏ —Å–≤—è–∑–∏",–°–ö–ö –∏–º. –ö–∞—Ä–µ–Ω–∞ –î–µ–º–∏—Ä—á—è–Ω–∞,04.09.2026,IT/Digital,https://exposale.net/ru/exhibition/comp-expo,exposale.net,–ê—Ä–º–µ–Ω–∏—è,–ï—Ä–µ–≤–∞–Ω,https://exposale.net/template-admin/assets/elFinder/files/logotypes/comp_logo.gif
–ê—Ä–º–µ–Ω–∏—è EXPO 2026,–ê—Ä–º–µ–Ω–∏—è EXPO 2026,25-—è —É–Ω–∏–≤–µ—Ä—Å–∞–ª—å–Ω–∞—è –º–µ–∂–¥—É–Ω–∞—Ä–æ–¥–Ω–∞—è —Ç–æ—Ä–≥–æ–≤–æ-–ø—Ä–æ–º—ã—à–ª–µ–Ω–Ω–∞—è –≤—ã—Å—Ç–∞–≤–∫–∞,–°–ö–ö –∏–º. –ö–∞—Ä–µ–Ω–∞ –î–µ–º–∏—Ä—á—è–Ω–∞,04.09.2026,–¢—Ä–∞–Ω—Å–ø–æ—Ä—Ç,https://exposale.net/ru/exhibition/armeniya-expo,exposale.net,–ê—Ä–º–µ–Ω–∏—è,–ï—Ä–µ–≤–∞–Ω,https://exposale.net/template-admin/assets/elFinder/php/../files/logotypes/armeniya-expo.png
–ö–∞–≤–∫–∞–∑: –°—Ç—Ä–æ–∏—Ç–µ–ª—å—Å—Ç–≤–æ –∏ —Ä–µ–º–æ–Ω—Ç EXPO 2026,–ö–∞–≤–∫–∞–∑: –°—Ç—Ä–æ–∏—Ç–µ–ª—å—Å—Ç–≤–æ –∏ —Ä–µ–º–æ–Ω—Ç EXPO 2026,22-—è –º–µ–∂–¥—É–Ω–∞—Ä–æ–¥–Ω–∞—è —Å–ø–µ—Ü–∏–∞–ª–∏–∑–∏—Ä–æ–≤–∞–Ω–Ω–∞—è —Å—Ç—Ä–æ–∏—Ç–µ–ª—å–Ω–∞—è –≤—ã—Å—Ç–∞–≤–∫–∞,–°–ö–ö –∏–º. –ö–∞—Ä–µ–Ω–∞ –î–µ–º–∏—Ä—á—è–Ω–∞,20.03.2026,–°—Ç—Ä–æ–∏—Ç–µ–ª—å—Å—Ç–≤–æ,https://exposale.net/ru/exhibition/kavkaz-stroitelstvo-i-remont-expo,exposale.net,–ê—Ä–º–µ–Ω–∏—è,–ï—Ä–µ–≤–∞–Ω,https://exposale.net/template-admin/assets/elFinder/php/../files/logotypes/kavkaz-stroitelstvo-i-remont-expo.png
Business Technology Expo,Business Technology Expo,Business Technology Expo ‚Äì –ú–µ–∂–¥—É–Ω–∞—Ä–æ–¥–Ω–∞—è —Ñ–æ—Ä—É–º-–≤—ã—Å—Ç–∞–≤–∫–∞ –∞–≤—Ç–æ–º–∞—Ç–∏–∑–∞—Ü–∏–∏ –∏ —Ü–∏—Ñ—Ä–æ–≤–∏–∑–∞—Ü–∏–∏ –±–∏–∑–Ω–µ—Å–∞,,13.05.2026,–¢—Ä–∞–Ω—Å–ø–æ—Ä—Ç,https://astanahub.com/ru/event/business-technology-expo1751545272/,astanahub.com,–ö–∞–∑–∞—Ö—Å—Ç–∞–Ω,–ê—Å—Ç–∞–Ω–∞,parsed_images/db8d8b9d794b.png
Kazakhstan Security Systems,Kazakhstan Security Systems,Kazakhstan Security Systems ‚Äì –≥–ª–∞–≤–Ω–∞—è –≤—ã—Å—Ç–∞–≤–∫–∞ –ø–æ –±–µ–∑–æ–ø–∞—Å–Ω–æ—Å—Ç–∏ –≤ –¶–µ–Ω—Ç—Ä–∞–ª—å–Ω–æ–π –ê–∑–∏–∏,,13.05.2026,IT/Digital,https://astanahub.com/ru/event/kazakhstan-security-systems1751545082/,astanahub.com,–ö–∞–∑–∞—Ö—Å—Ç–∞–Ω,–ê—Å—Ç–∞–Ω–∞,parsed_images/b031ae1ce859.png
–ó–∞—â–∏—Ç–∞ –≤—ã–ø—É—Å–∫–Ω—ã—Ö IT-–ø—Ä–æ–µ–∫—Ç–æ–≤ Attractor School Almaty,–ó–∞—â–∏—Ç–∞ –≤—ã–ø—É—Å–∫–Ω—ã—Ö IT-–ø—Ä–æ–µ–∫—Ç–æ–≤ Attractor School Almaty,–ó–∞—â–∏—Ç–∞ –≤—ã–ø—É—Å–∫–Ω—ã—Ö IT-–ø—Ä–æ–µ–∫—Ç–æ–≤ Attractor School Almaty,,15.04.2026,IT/Digital,https://astanahub.com/ru/event/zashchita-vypusknykh-it-proektov-attractor-school-almaty1769610089/,astanahub.com,–ö–∞–∑–∞—Ö—Å—Ç–∞–Ω,–ê–ª–º–∞—Ç—ã,parsed_images/7076b4e85fbd.png
DIGITAL QAZAQSTAN,DIGITAL QAZAQSTAN,"–í 2026 –≥–æ–¥—É –º–µ–∂–¥—É–Ω–∞—Ä–æ–¥–Ω–∞—è –ø–ª–æ—â–∞–¥–∫–∞ Digital Almaty —Ç—Ä–∞–Ω—Å—Ñ–æ—Ä–º–∏—Ä—É–µ—Ç—Å—è –≤ Digital Qazaqstan ‚Äî –Ω–∞—Ü–∏–æ–Ω–∞–ª—å–Ω—ã–π —Ç–µ—Ö–Ω–æ–ª–æ–≥–∏—á–µ—Å–∫–∏–π —Ñ–æ—Ä—É–º, –æ—Ä–∏–µ–Ω—Ç–∏—Ä–æ–≤–∞–Ω–Ω—ã–π –Ω–∞ –ø—Ä–∞–∫—Ç–∏—á–µ—Å–∫—É—é —Ü–∏—Ñ—Ä–æ–≤—É—é –∏ AI-—Ç—Ä–∞–Ω—Å—Ñ–æ—Ä–º–∞—Ü–∏—é —ç–∫–æ–Ω–æ–º–∏–∫–∏ –∏ —Ä–∞–∑–≤–∏—Ç–∏–µ —Ä–µ–≥–∏–æ–Ω–æ–≤ —Å—Ç—Ä–∞–Ω—ã.",,,IT/Digital,https://astanahub.com/ru/event/digital-qazaqstan/,astanahub.com,–ö–∞–∑–∞—Ö—Å—Ç–∞–Ω,–ê—Å—Ç–∞–Ω–∞,parsed_images/fdd58aaab8ce.png
–ë–∏–∑–Ω–µ—Å-—Ñ–æ—Ä—É–º –≤ –°–ª–æ–≤–µ–Ω–∏–∏,–ë–∏–∑–Ω–µ—Å-—Ñ–æ—Ä—É–º –≤ –°–ª–æ–≤–µ–Ω–∏–∏,"–ü—Ä–∏–≥–ª–∞—à–∞–µ–º IT-—Å—Ç–∞—Ä—Ç–∞–ø—ã –ø—Ä–∏–Ω—è—Ç—å —É—á–∞—Å—Ç–∏–µ –≤ –±–∏–∑–Ω–µ—Å-—Ñ–æ—Ä—É–º–µ –≤ –°–ª–æ–≤–µ–Ω–∏–∏, –∫–æ—Ç–æ—Ä—ã–π –ø—Ä–æ–π–¥–µ—Ç –ø—Ä–∏ —É—á–∞—Å—Ç–∏–∏ –ó–∞–º–µ—Å—Ç–∏—Ç–µ–ª—è –ü—Ä–µ–º—å–µ—Ä-–ú–∏–Ω–∏—Å—Ç—Ä–∞ - –ú–∏–Ω–∏—Å—Ç—Ä–∞ –∏—Å–∫—É—Å—Å—Ç–≤–µ–Ω–Ω–æ–≥–æ –∏–Ω—Ç–µ–ª–ª–µ–∫—Ç–∞ –∏ —Ü–∏—Ñ—Ä–æ–≤–æ–≥–æ —Ä–∞–∑–≤–∏—Ç–∏—è –ñ.–•. –ú–∞–¥–∏–µ–≤–∞.",,12.03.2026,IT/Digital,https://astanahub.com/ru/event/biznes-forum-v-slovenii/,astanahub.com,–ö–∞–∑–∞—Ö—Å—Ç–∞–Ω,–ê—Å—Ç–∞–Ω–∞,parsed_images/587b5430db0d.png
üé® Figma & AI: –°–∫–æ—Ä–æ—Å—Ç—å –¥–∏–∑–∞–π–Ω–∞,üé® Figma & AI: –°–∫–æ—Ä–æ—Å—Ç—å –¥–∏–∑–∞–π–Ω–∞,,,25.02.2026,IT/Digital,https://astanahub.com/ru/event/figma-ai-skorost-dizaina/,astanahub.com,–ö–∞–∑–∞—Ö—Å—Ç–∞–Ω,–ê—Å—Ç–∞–Ω–∞,parsed_images/e1d9a81f6e48.png
–ü—Ä–µ–¥–ø—Ä–∏–Ω–∏–º–∞—Ç–µ–ª—å –Ω–æ–≤–æ–≥–æ –æ–±—Ä–∞–∑—Ü–∞: —Ä–µ–∞–ª—å–Ω—ã–µ –∫–µ–π—Å—ã –ø—Ä–∏–º–µ–Ω–µ–Ω–∏—è AI –≤ –±–∏–∑–Ω–µ—Å–µ,–ü—Ä–µ–¥–ø—Ä–∏–Ω–∏–º–∞—Ç–µ–ª—å –Ω–æ–≤–æ–≥–æ –æ–±—Ä–∞–∑—Ü–∞: —Ä–µ–∞–ª—å–Ω—ã–µ –∫–µ–π—Å—ã –ø—Ä–∏–º–µ–Ω–µ–Ω–∏—è AI –≤ –±–∏–∑–Ω–µ—Å–µ,"–û–Ω–ª–∞–π–Ω-–≤—Å—Ç—Ä–µ—á–∞ –¥–ª—è –ø—Ä–µ–¥–ø—Ä–∏–Ω–∏–º–∞—Ç–µ–ª–µ–π –∏ —Ä—É–∫–æ–≤–æ–¥–∏—Ç–µ–ª–µ–π –æ —Ç–æ–º, –∫–∞–∫ –∏—Å–∫—É—Å—Å—Ç–≤–µ–Ω–Ω—ã–π –∏–Ω—Ç–µ–ª–ª–µ–∫—Ç —Ä–µ–∞–ª—å–Ω–æ –ø—Ä–∏–º–µ–Ω—è–µ—Ç—Å—è –≤ –±–∏–∑–Ω–µ—Å–µ. –ë–µ–∑ —Ç–µ–æ—Ä–∏–∏ –∏ —Ö–∞–π–ø–∞ ‚Äî –Ω–∞ –∫–æ–Ω–∫—Ä–µ—Ç–Ω—ã—Ö –ø—Ä–∏–º–µ—Ä–∞—Ö –∏–∑ –ø—Ä–æ–¥–∞–∂, –º–∞—Ä–∫–µ—Ç–∏–Ω–≥–∞, —É–ø—Ä–∞–≤–ª–µ–Ω–∏—è, —Ä–∞–±–æ—Ç—ã —Å –∫–æ–º–∞–Ω–¥–æ–π –∏ —Ñ–∏–Ω–∞–Ω—Å–æ–≤.",,24.02.2026,IT/Digital,https://astanahub.com/ru/event/predprinimatel-novogo-obraztsa-realnye-keisy-primeneniia-ai-v-biznese/,astanahub.com,–ö–∞–∑–∞—Ö—Å—Ç–∞–Ω,–ê—Å—Ç–∞–Ω–∞,parsed_images/89a32ee4f1aa.png
TalkIT ‚Äì Open Mic: AI,TalkIT ‚Äì Open Mic: AI,–ì–æ—Ç–æ–≤—ã –≤—ã–π—Ç–∏ –Ω–∞ —Å—Ü–µ–Ω—É –∏,,27.02.2026,IT/Digital,https://astanahub.com/ru/event/talkit-open-mic-ai/,astanahub.com,–ö–∞–∑–∞—Ö—Å—Ç–∞–Ω,–ê—Å—Ç–∞–Ω–∞,parsed_images/61c20e4a4a22.png
ITMLab 2.0: Demo Day,ITMLab 2.0: Demo Day,"26 —Ñ–µ–≤—Ä–∞–ª—è —Å–æ—Å—Ç–æ–∏—Ç—Å—è —Ñ–∏–Ω–∞–ª—å–Ω–æ–µ —Å–æ–±—ã—Ç–∏–µ –ª–∞–±–æ—Ä–∞—Ç–æ—Ä–∏–∏ ITMLab 2.0 ‚Äî Demo Day, –≥–¥–µ –∫–æ–º–∞–Ω–¥—ã —Å—Ç–∞—Ä—Ç–∞–ø–æ–≤ –∏ —Ä–∞–∑—Ä–∞–±–æ—Ç—á–∏–∫–æ–≤ –ø—Ä–µ–¥—Å—Ç–∞–≤—è—Ç –∏–Ω–Ω–æ–≤–∞—Ü–∏–æ–Ω–Ω—ã–µ —Ä–µ—à–µ–Ω–∏—è, –ø–æ–º–æ–≥–∞—é—â–∏–µ –ª—é–¥—è–º —Å –∏–Ω–≤–∞–ª–∏–¥–Ω–æ—Å—Ç—å—é –≤ —Ä–µ–∞–±–∏–ª–∏—Ç–∞—Ü–∏–∏, –ø–æ–≤—Å–µ–¥–Ω–µ–≤–Ω–æ–π –∂–∏–∑–Ω–∏ –∏ —Å–æ—Ü–∏–∞–ª—å–Ω–æ–π –∏–Ω—Ç–µ–≥—Ä–∞—Ü–∏–∏.",,26.02.2026,IT/Digital,https://astanahub.com/ru/event/itmlab-2-0-demo-day/,astanahub.com,–ö–∞–∑–∞—Ö—Å—Ç–∞–Ω,–ê—Å—Ç–∞–Ω–∞,parsed_images/74dd23584140.png
üé§ Digital Start: AI –∏ —Ä–µ–≥–∏–æ–Ω–∞–ª—å–Ω–æ–µ —Ä–∞–∑–≤–∏—Ç–∏–µ,üé§ Digital Start: AI –∏ —Ä–µ–≥–∏–æ–Ω–∞–ª—å–Ω–æ–µ —Ä–∞–∑–≤–∏—Ç–∏–µ,"–ö–∞–∫ —Ç–µ—Ö–Ω–æ–ª–æ–≥–∏–∏ –º–µ–Ω—è—é—Ç –Ω–∞—à —Ä–µ–≥–∏–æ–Ω —É–∂–µ —Å–µ–≥–æ–¥–Ω—è? –ù–∞ –≤—Å—Ç—Ä–µ—á–µ –ø–æ–≥–æ–≤–æ—Ä–∏–º –æ —Ä–æ–ª–∏ AI –≤ —Ä–∞–∑–≤–∏—Ç–∏–∏ —ç–∫–æ–Ω–æ–º–∏–∫–∏, –Ω–æ–≤—ã—Ö –ø—Ä–æ—Ñ–µ—Å—Å–∏—è—Ö –∏ –≤–æ–∑–º–æ–∂–Ω–æ—Å—Ç—è—Ö –¥–ª—è –º–æ–ª–æ–¥–µ–∂–∏.",,18.02.2026,IT/Digital,https://astanahub.com/ru/event/digital-start-ai-i-regionalnoe-razvitie/,astanahub.com,–ö–∞–∑–∞—Ö—Å—Ç–∞–Ω,–ê—Å—Ç–∞–Ω–∞,parsed_images/9a5cc3e27c28.png
–ë–∞–Ω–∫–æ–≤—Å–∫–∏–π AI: 2026 –≥–æ–¥ ‚Äî –≤—Ä–µ–º—è –≤—ã—Ö–æ–¥–∏—Ç—å –∏–∑ –ø–µ—Å–æ—á–Ω–∏—Ü—ã,–ë–∞–Ω–∫–æ–≤—Å–∫–∏–π AI: 2026 –≥–æ–¥ ‚Äî –≤—Ä–µ–º—è –≤—ã—Ö–æ–¥–∏—Ç—å –∏–∑ –ø–µ—Å–æ—á–Ω–∏—Ü—ã,"–ë–∞–Ω–∫–æ–≤—Å–∫–∏–π AI: 2026 –≥–æ–¥ ‚Äî –≤—Ä–µ–º—è –≤—ã—Ö–æ–¥–∏—Ç—å –∏–∑ –ø–µ—Å–æ—á–Ω–∏—Ü—ã–¢—Ä–∏ –≥–æ–¥–∞ –±–∞–Ω–∫–∏ –∏–≥—Ä–∞–ª–∏ –≤ –∏—Å–∫—É—Å—Å—Ç–≤–µ–Ω–Ω—ã–π –∏–Ω—Ç–µ–ª–ª–µ–∫—Ç. –ü–∏–ª–æ—Ç –∑–∞ –ø–∏–ª–æ—Ç–æ–º, PoC –∑–∞ PoC ‚Äî –∞–ª–≥–æ—Ä–∏—Ç–º—ã —É—á–∏–ª–∏—Å—å —Ä–∞—Å–ø–æ–∑–Ω–∞–≤–∞—Ç—å —Ç—Ä–∞–Ω–∑–∞–∫—Ü–∏–∏, –ø—Ä–æ–≥–Ω–æ–∑–∏—Ä–æ–≤–∞—Ç—å –æ—Ç—Ç–æ–∫, –ø–µ—Ä—Å–æ–Ω–∞–ª–∏–∑–∏—Ä–æ–≤–∞—Ç—å –ø—Ä–µ–¥–ª–æ–∂–µ–Ω–∏—è. –î–∞–Ω–Ω—ã–µ –æ—á–∏—â–∞–ª–∏, –º–æ–¥–µ–ª–∏ —Ç—Ä–µ–Ω–∏—Ä–æ–≤–∞–ª–∏, –æ—Ç—á–µ—Ç—ã –¥–ª—è —Ä—É–∫–æ–≤–æ–¥—Å—Ç–≤–∞ —Ä–∏—Å–æ–≤–∞–ª–∏. –ò –∫–∞–∂–¥—ã–π —Ä–∞–∑ —É–ø–∏—Ä–∞–ª–∏—Å—å –≤ –æ–¥–Ω–æ –∏ —Ç–æ –∂–µ —Å—Ç–µ–∫–ª–æ: –¥–∞–ª—å—à–µ –ª–∞–±–æ—Ä–∞—Ç–æ—Ä–∏–∏ –ø—Ä–æ–µ–∫—Ç—ã –Ω–µ —à–ª–∏.2026 –≥–æ–¥ —Ä–∞–∑–±–∏–≤–∞–µ—Ç —Å—Ç–µ–∫–ª–æ. –í–æ–ø—Ä–æ—Å –Ω–µ –≤ —Ç–æ–º, –≤–Ω–µ–¥—Ä—è—Ç—å AI –∏–ª–∏ –Ω–µ—Ç. –í–æ–ø—Ä–æ—Å –≤ —Ç–æ–º, –∫—Ç–æ —É—Å–ø–µ–µ—Ç —Ä–∞–∑–≤–µ—Ä–Ω—É—Ç—å —Ñ–∞–±—Ä–∏–∫—É –∞–≥–µ–Ω—Ç–æ–≤ –¥–æ —Ç–æ–≥–æ, –∫–∞–∫ —ç—Ç–æ —Å–¥–µ–ª–∞—é—Ç –∫–æ–Ω–∫—É—Ä–µ–Ω—Ç—ã.25 —Ñ–µ–≤—Ä–∞–ª—è qCloudy –ø—Ä–æ–≤–µ–¥–µ—Ç Banking Day ‚Äî –¥–µ–Ω—å, –∫–æ–≥–¥–∞ –±–∞–Ω–∫–æ–≤—Å–∫–∏–π AI –ø–µ—Ä–µ—Å—Ç–∞–µ—Ç –±—ã—Ç—å ¬´–ø–µ—Ä—Å–ø–µ–∫—Ç–∏–≤–Ω—ã–º –Ω–∞–ø—Ä–∞–≤–ª–µ–Ω–∏–µ–º¬ª –∏ —Å—Ç–∞–Ω–æ–≤–∏—Ç—Å—è —Ä–∞–±–æ—Ç–∞—é—â–∏–º –∫–æ–Ω–≤–µ–π–µ—Ä–æ–º.–ü—Ä–∏ –ø–∞—Ä—Ç–Ω—ë—Ä—Å—Ç–≤–µ NL, MUK –∏ –ø—Ä–∏ –ø–æ–¥–¥–µ—Ä–∂–∫–µ AWS–§–æ—Ä–º–∞—Ç: –∑–∞–∫—Ä—ã—Ç–∞—è —Å–µ—Å—Å–∏—è –¥–ª—è —Ç–µ—Ö, –∫—Ç–æ —É—Å—Ç–∞–ª –¥–æ–∫–∞–∑—ã–≤–∞—Ç—å —ç—Ñ—Ñ–µ–∫—Ç–∏–≤–Ω–æ—Å—Ç—å AI –∏ –≥–æ—Ç–æ–≤ ",,,–¢—Ä–∞–Ω—Å–ø–æ—Ä—Ç,https://astanahub.com/ru/event/bankovskii-ai-2026-god-vremia-vykhodit-iz-pesochnitsy/,astanahub.com,–ö–∞–∑–∞—Ö—Å—Ç–∞–Ω,–ê—Å—Ç–∞–Ω–∞,parsed_images/a7ff1f896c20.png
–°—Ç—Ä–∞—Ö–æ–≤–∞–Ω–∏–µ –≤ 2026: –ø–æ—á–µ–º—É –ø–∏–ª–æ—Ç—ã —Å AI –±–æ–ª—å—à–µ –Ω–µ —Å–ø–∞—Å–∞—é—Ç ‚Äî –∫—Ä—É–≥–ª—ã–π —Å—Ç–æ–ª –ø–æ Agentic AI,–°—Ç—Ä–∞—Ö–æ–≤–∞–Ω–∏–µ –≤ 2026: –ø–æ—á–µ–º—É –ø–∏–ª–æ—Ç—ã —Å AI –±–æ–ª—å—à–µ –Ω–µ —Å–ø–∞—Å–∞—é—Ç ‚Äî –∫—Ä—É–≥–ª—ã–π —Å—Ç–æ–ª –ø–æ Agentic AI,"–°—Ç—Ä–∞—Ö–æ–≤–∞–Ω–∏–µ –≤ 2026: –ø–æ—á–µ–º—É –ø–∏–ª–æ—Ç—ã —Å AI –±–æ–ª—å—à–µ –Ω–µ —Å–ø–∞—Å–∞—é—Ç–°—Ç—Ä–∞—Ö–æ–≤–æ–π –±–∏–∑–Ω–µ—Å –≤—Å–µ–≥–¥–∞ —Å—Ç—Ä–æ–∏–ª—Å—è –Ω–∞ —Ç–µ—Ä–ø–µ–Ω–∏–∏. –î–ª–∏–Ω–Ω—ã–µ –¥–µ–Ω—å–≥–∏, –¥–æ–ª–≥–∏–µ —Ö–≤–æ—Å—Ç—ã, –∞–∫—Ç—É–∞—Ä–Ω—ã–µ —Ä–∞—Å—á–µ—Ç—ã –Ω–∞ –¥–µ—Å—è—Ç–∏–ª–µ—Ç–∏—è –≤–ø–µ—Ä–µ–¥. –ó–¥–µ—Å—å –Ω–µ –ª—é–±—è—Ç —Å–ø–µ—à–∫–∏. –ó–¥–µ—Å—å –ø—Ä–∏–≤—ã–∫–ª–∏ —Å–µ–º—å —Ä–∞–∑ –æ—Ç–º–µ—Ä–∏—Ç—å, –ø—Ä–µ–∂–¥–µ —á–µ–º –æ—Ç—Ä–µ–∑–∞—Ç—å.–ù–æ 2026 –≥–æ–¥ –Ω–µ –æ—Å—Ç–∞–≤–ª—è–µ—Ç –≤—Ä–µ–º–µ–Ω–∏ –Ω–∞ —Å–µ–¥—å–º–æ–π –∑–∞–º–µ—Ä. –ü–æ–∫–∞ —Å—Ç—Ä–∞—Ö–æ–≤—â–∏–∫–∏ —Ç–µ—Å—Ç–∏—Ä—É—é—Ç AI –≤ –∞–Ω–¥–µ—Ä—Ä–∞–π—Ç–∏–Ω–≥–µ, —Ä—ã–Ω–æ–∫ —É—Ö–æ–¥–∏—Ç –∫ —Ç–µ–º, –∫—Ç–æ —É–∂–µ –≤–Ω–µ–¥—Ä–∏–ª –∞–≥–µ–Ω—Ç–æ–≤ –≤ —É—Ä–µ–≥—É–ª–∏—Ä–æ–≤–∞–Ω–∏–µ —É–±—ã—Ç–∫–æ–≤. –ü–æ–∫–∞ —Å–æ–≥–ª–∞—Å–æ–≤—ã–≤–∞—é—Ç—Å—è –±—é–¥–∂–µ—Ç—ã –Ω–∞ RPA-—Ä–æ–±–æ—Ç–æ–≤, –∞–ª–≥–æ—Ä–∏—Ç–º—ã –∫–æ–Ω–∫—É—Ä–µ–Ω—Ç–æ–≤ –æ–±—Ä–∞–±–∞—Ç—ã–≤–∞—é—Ç –º–∏–ª–ª–∏–æ–Ω—ã –ø–æ–ª–∏—Å–æ–≤ –±–µ–∑ –≤—ã—Ö–æ–¥–Ω—ã—Ö –∏ –±–æ–ª—å–Ω–∏—á–Ω—ã—Ö. –ü–æ–∫–∞ —Ä–µ–≥—É–ª—è—Ç–æ—Ä –ø–∏—à–µ—Ç —Ä–µ–∫–æ–º–µ–Ω–¥–∞—Ü–∏–∏ –ø–æ –ò–ò, –ª–∏–¥–µ—Ä—ã –æ—Ç—Ä–∞—Å–ª–∏ —Å–∞–º–∏ –¥–∏–∫—Ç—É—é—Ç –µ–º—É —Å—Ç–∞–Ω–¥–∞—Ä—Ç—ã.26 —Ñ–µ–≤—Ä–∞–ª—è qCloudy –ø—Ä–æ–≤–µ–¥–µ—Ç Insurance Day. –î–µ–Ω—å, –∫–æ–≥–¥–∞ —Å—Ç—Ä–∞—Ö–æ–≤–∞–Ω–∏–µ –ø–µ—Ä–µ—Å—Ç–∞–Ω–µ—Ç –±–æ—è—Ç—å—Å—è –∏—Å–∫—É—Å—Å—Ç–≤–µ–Ω–Ω–æ–≥–æ –∏–Ω—Ç–µ–ª–ª–µ–∫—Ç–∞ –∏ –Ω–∞—É—á–∏—Ç—Å—è –∏–º —É–ø—Ä–∞–≤–ª—è—Ç—å.–ü—Ä–∏ –ø–∞—Ä—Ç–Ω—ë—Ä—Å—Ç–≤–µ Neurons Lab, MUK –∏ –ø—Ä–∏",,,–§–∏–Ω–∞–Ω—Å—ã,https://astanahub.com/ru/event/strakhovanie-v-2026-pochemu-piloty-s-ai-bolshe-ne-spasaiut-kruglyi-stol-po-agentic-ai/,astanahub.com,–ö–∞–∑–∞—Ö—Å—Ç–∞–Ω,–ê—Å—Ç–∞–Ω–∞,parsed_images/a226d228d456.png
AI Tools: –ù–æ–≤–∞—è —Ä–µ–∞–ª—å–Ω–æ—Å—Ç—å,AI Tools: –ù–æ–≤–∞—è —Ä–µ–∞–ª—å–Ω–æ—Å—Ç—å,"AI —É–∂–µ —Å—Ç–∞–ª –ø—Ä–∞–∫—Ç–∏—á–Ω—ã–º –ø–æ–º–æ—â–Ω–∏–∫–æ–º –≤ —É—á—ë–±–µ, —Ä–∞–±–æ—Ç–µ –∏ –ø–æ–≤—Å–µ–¥–Ω–µ–≤–Ω—ã—Ö –∑–∞–¥–∞—á–∞—Ö. –ù–∞ –≤—Å—Ç—Ä–µ—á–µ –ø–æ–∫–∞–∂–µ–º, –∫–∞–∫ –∞–¥–∞–ø—Ç–∏—Ä–æ–≤–∞—Ç—å –∏–Ω—Å—Ç—Ä—É–º–µ–Ω—Ç—ã –ø–æ–¥ —Å–≤–æ–∏ —Ü–µ–ª–∏: —Å–æ–±–∏—Ä–∞—Ç—å –∏–¥–µ–∏, —É–ª—É—á—à–∞—Ç—å —Ç–µ–∫—Å—Ç—ã, —Å—Ç—Ä–æ–∏—Ç—å –ø–ª–∞–Ω –∏ –±—ã—Å—Ç—Ä–æ –æ—Ñ–æ—Ä–º–ª—è—Ç—å –ø—Ä–µ–∑–µ–Ω—Ç–∞—Ü–∏–∏.",,18.02.2026,IT/Digital,https://astanahub.com/ru/event/ai-tools-novaia-realnost/,astanahub.com,–ö–∞–∑–∞—Ö—Å—Ç–∞–Ω,–ê—Å—Ç–∞–Ω–∞,parsed_images/5085367d68c0.png
Genspark AI: –Ω–æ–≤–æ–µ –ø–æ–∫–æ–ª–µ–Ω–∏–µ —É–º–Ω–æ–≥–æ –ø–æ–∏—Å–∫–∞,Genspark AI: –Ω–æ–≤–æ–µ –ø–æ–∫–æ–ª–µ–Ω–∏–µ —É–º–Ω–æ–≥–æ –ø–æ–∏—Å–∫–∞,Genspark AI: –Ω–æ–≤–æ–µ –ø–æ–∫–æ–ª–µ–Ω–∏–µ —É–º–Ω–æ–≥–æ –ø–æ–∏—Å–∫–∞,,18.02.2026,IT/Digital,https://astanahub.com/ru/event/genspark-ai-novoe-pokolenie-umnogo-poiska1771324376/,astanahub.com,–ö–∞–∑–∞—Ö—Å—Ç–∞–Ω,–ê—Å—Ç–∞–Ω–∞,parsed_images/26580d94b16c.png
ü§ñüé® AI & Design: –ù–æ–≤–∞—è —ç—Ä–∞ –≤ –¥–∏–∑–∞–π–Ω–µ ‚ú®,ü§ñüé® AI & Design: –ù–æ–≤–∞—è —ç—Ä–∞ –≤ –¥–∏–∑–∞–π–Ω–µ ‚ú®,"–ü–æ–∫–∞ –æ–¥–Ω–∏ –±–æ—è—Ç—Å—è, —á—Ç–æ AI ¬´–∑–∞–±–µ—Ä—ë—Ç —Ä–∞–±–æ—Ç—É¬ª üò±, –¥—Ä—É–≥–∏–µ —É–∂–µ –∏—Å–ø–æ–ª—å–∑—É—é—Ç –µ–≥–æ, —á—Ç–æ–±—ã –¥–µ–ª–∞—Ç—å –ø—Ä–æ–µ–∫—Ç—ã —Å–∏–ª—å–Ω–µ–µ, –±—ã—Å—Ç—Ä–µ–µ –∏ –∫—Ä–µ–∞—Ç–∏–≤–Ω–µ–µ ‚ö°Ô∏èüî•",,23.02.2026,IT/Digital,https://astanahub.com/ru/event/ai-design-novaia-era-v-dizaine/,astanahub.com,–ö–∞–∑–∞—Ö—Å—Ç–∞–Ω,–ê—Å—Ç–∞–Ω–∞,parsed_images/f35a82d96782.png
üß© AI + Web: –≥–¥–µ —Å—Ö–æ–¥—è—Ç—Å—è –∏–Ω–∂–µ–Ω–µ—Ä–∏—è –∏ –ø—Ä–æ–¥—É–∫—Ç,üß© AI + Web: –≥–¥–µ —Å—Ö–æ–¥—è—Ç—Å—è –∏–Ω–∂–µ–Ω–µ—Ä–∏—è –∏ –ø—Ä–æ–¥—É–∫—Ç,"–ü–æ–≥–æ–≤–æ—Ä–∏–º –æ —Ç–æ–º, –∫–∞–∫ —Å–µ–≥–æ–¥–Ω—è –æ–±—ä–µ–¥–∏–Ω—è—é—Ç—Å—è –≤–µ–±-—Ä–∞–∑—Ä–∞–±–æ—Ç–∫–∞ –∏ –∏—Å–∫—É—Å—Å—Ç–≤–µ–Ω–Ω—ã–π –∏–Ω—Ç–µ–ª–ª–µ–∫—Ç, –∏ –∫–∞–∫—É—é —Ä–æ–ª—å –≤ —ç—Ç–æ–º –∏–≥—Ä–∞–µ—Ç –∏–Ω–∂–µ–Ω–µ—Ä.",,19.02.2026,IT/Digital,https://astanahub.com/ru/event/ai-web-gde-skhodiatsia-inzheneriia-i-produkt/,astanahub.com,–ö–∞–∑–∞—Ö—Å—Ç–∞–Ω,–ê—Å—Ç–∞–Ω–∞,parsed_images/1ab0d90a1ae4.png
–ö—Ä—É–≥–ª—ã–π —Å—Ç–æ–ª ¬´–ò–∑–º–µ–Ω–µ–Ω–∏—è —Ä–æ–ª–∏ –∞—Ä—Ö–∏—Ç–µ–∫—Ç–æ—Ä–∞ –≤ —ç–ø–æ—Ö—É AI. –û—Ç –∫–æ–¥–∞ –∫ —Å–º—ã—Å–ª—É¬ª,–ö—Ä—É–≥–ª—ã–π —Å—Ç–æ–ª ¬´–ò–∑–º–µ–Ω–µ–Ω–∏—è —Ä–æ–ª–∏ –∞—Ä—Ö–∏—Ç–µ–∫—Ç–æ—Ä–∞ –≤ —ç–ø–æ—Ö—É AI. –û—Ç –∫–æ–¥–∞ –∫ —Å–º—ã—Å–ª—É¬ª,"–ü—Ä–∏–≤–µ—Ç!‚Äã–≠–ø–æ—Ö–∞ ¬´–∏–Ω–Ω–æ–≤–∞—Ü–∏–π —Ä–∞–¥–∏ –∏–Ω–Ω–æ–≤–∞—Ü–∏–π¬ª –æ—Ñ–∏—Ü–∏–∞–ª—å–Ω–æ –∑–∞–∫–æ–Ω—á–∏–ª–∞—Å—å. –í—ã—Å–æ–∫–∏–µ —Å—Ç–∞–≤–∫–∏, –¥–µ—Ñ–∏—Ü–∏—Ç –∫–∞–¥—Ä–æ–≤ –∏ –∫–æ–Ω–µ—Ü —ç—Ä—ã –¥–µ—à—ë–≤—ã—Ö –¥–µ–Ω–µ–≥ –ø—Ä–µ–≤—Ä–∞—Ç–∏–ª–∏ AI –∏–∑ —ç–∫—Å–ø–µ—Ä–∏–º–µ–Ω—Ç–∞ –≤ –¥–µ—Ñ–ª—è—Ü–∏–æ–Ω–Ω—ã–π –∏–Ω—Å—Ç—Ä—É–º–µ–Ω—Ç –≤—ã–∂–∏–≤–∞–Ω–∏—è –±–∏–∑–Ω–µ—Å–∞.‚Äã–î–ª—è IT-–∞—Ä—Ö–∏—Ç–µ–∫—Ç–æ—Ä–∞ —ç—Ç–æ –æ–∑–Ω–∞—á–∞–µ—Ç —Ñ—É–Ω–¥–∞–º–µ–Ω—Ç–∞–ª—å–Ω—ã–π —Å–¥–≤–∏–≥: –ø—Ä–æ–µ–∫—Ç–∏—Ä–æ–≤–∞—Ç—å —Å–∏—Å—Ç–µ–º—ã ¬´–∫–∞–∫ —Ä–∞–Ω—å—à–µ¬ª —É–∂–µ –Ω–µ–¥–æ—Å—Ç–∞—Ç–æ—á–Ω–æ. –¢–µ–ø–µ—Ä—å –≤–∞—à–∞ –∑–∞–¥–∞—á–∞ ‚Äì —É–ø—Ä–∞–≤–ª—è—Ç—å –Ω–µ–æ–ø—Ä–µ–¥–µ–ª—ë–Ω–Ω–æ—Å—Ç—å—é, —ç–∫–æ–Ω–æ–º–∏–∫–æ–π —Ç–æ–∫–µ–Ω–æ–≤ –∏ –Ω–æ–≤—ã–º–∏ —Ä–∏—Å–∫–∞–º–∏ –±–µ–∑–æ–ø–∞—Å–Ω–æ—Å—Ç–∏.",,17.02.2026,IT/Digital,https://astanahub.com/ru/event/kruglyi-stol-izmeneniia-roli-arkhitektora-v-epokhu-ai-ot-koda-k-smyslu/,astanahub.com,–ö–∞–∑–∞—Ö—Å—Ç–∞–Ω,–ê—Å—Ç–∞–Ω–∞,parsed_images/14efdbf2d8fe.png
Antigravity: –û–¥–∏–Ω —à–∞–≥ –æ—Ç –∏–¥–µ–∏ –∫ –ø—Ä–æ–¥—É–∫—Ç—É!,Antigravity: –û–¥–∏–Ω —à–∞–≥ –æ—Ç –∏–¥–µ–∏ –∫ –ø—Ä–æ–¥—É–∫—Ç—É!,"Antigravity: –û–¥–∏–Ω —à–∞–≥ –æ—Ç –∏–¥–µ–∏ –∫ –ø—Ä–æ–¥—É–∫—Ç—É!–•–æ—Ç–∏—Ç–µ –±—ã—Å—Ç—Ä–µ–µ –ø—Ä–µ–≤—Ä–∞—Ç–∏—Ç—å —Å–≤–æ—é –∏–¥–µ—é –≤ —Ä–µ–∞–ª—å–Ω—ã–π —Ä–µ–∑—É–ª—å—Ç–∞—Ç? –ú—ã –ø–æ–∫–∞–∂–µ–º, –∫–∞–∫ —É—Å–∫–æ—Ä–∏—Ç—å —Å–æ–∑–¥–∞–Ω–∏–µ –ø—Ä–æ–¥—É–∫—Ç–∞ –∏ –ø–µ—Ä–µ—Å—Ç–∞—Ç—å —Ç–æ–ø—Ç–∞—Ç—å—Å—è –Ω–∞ –º–µ—Å—Ç–µ.",,19.02.2026,IT/Digital,https://astanahub.com/ru/event/antigravity-odin-shag-ot-idei-k-produktu/,astanahub.com,–ö–∞–∑–∞—Ö—Å—Ç–∞–Ω,–ê—Å—Ç–∞–Ω–∞,parsed_images/c338e07ab5eb.png
Data Community Birthday 2026,Data Community Birthday 2026,üéâData Community Birthday ‚Äî –±–æ–ª—å—à–æ–µ —Å–æ–±—ã—Ç–∏–µ –¥–ª—è —Å–ø–µ—Ü–∏–∞–ª–∏—Å—Ç–æ–≤ –≤ data –∏ IT,,21.02.2026,IT/Digital,https://astanahub.com/ru/event/data-community-birthday-2026/,astanahub.com,–ö–∞–∑–∞—Ö—Å—Ç–∞–Ω,–ê—Å—Ç–∞–Ω–∞,parsed_images/494e62e82ad4.png
"AI, —Å—Ç–∞—Ä—Ç–∞–ø—ã –∏ –Ω–æ–≤—ã–µ —Ç–∞–ª–∞–Ω—Ç—ã: –∫–∞–∫–∞—è —ç–∫–æ—Å–∏—Å—Ç–µ–º–∞ –Ω—É–∂–Ω–∞ –≥–æ—Ä–æ–¥—É, —á—Ç–æ–±—ã –≤—ã—Ä–∞—Å—Ç–∏—Ç—å –∏–Ω–Ω–æ–≤–∞—Ü–∏–∏","AI, —Å—Ç–∞—Ä—Ç–∞–ø—ã –∏ –Ω–æ–≤—ã–µ —Ç–∞–ª–∞–Ω—Ç—ã: –∫–∞–∫–∞—è —ç–∫–æ—Å–∏—Å—Ç–µ–º–∞ –Ω—É–∂–Ω–∞ –≥–æ—Ä–æ–¥—É, —á—Ç–æ–±—ã –≤—ã—Ä–∞—Å—Ç–∏—Ç—å –∏–Ω–Ω–æ–≤–∞—Ü–∏–∏","AI, —Å—Ç–∞—Ä—Ç–∞–ø—ã –∏ –Ω–æ–≤—ã–µ —Ç–∞–ª–∞–Ω—Ç—ã: –∫–∞–∫–∞—è —ç–∫–æ—Å–∏—Å—Ç–µ–º–∞ –Ω—É–∂–Ω–∞ –≥–æ—Ä–æ–¥—É, —á—Ç–æ–±—ã –≤—ã—Ä–∞—Å—Ç–∏—Ç—å –∏–Ω–Ω–æ–≤–∞—Ü–∏–∏?18 —Ñ–µ–≤—Ä–∞–ª—è –ø—Ä–∏—Ö–æ–¥–∏—Ç–µ, –¥–µ–ª–∏—Ç–µ—Å—å –∏–¥–µ—è–º–∏, –æ–±—Å—É–∂–¥–∞–π—Ç–µ –∏ –≤–º–µ—Å—Ç–µ —Å–æ–∑–¥–∞–¥–∏–º –∏–Ω–Ω–æ–≤–∞—Ü–∏–æ–Ω–Ω–æ–µ –±—É–¥—É—â–µ–µ –≥–æ—Ä–æ–¥–∞.",,18.02.2026,IT/Digital,https://astanahub.com/ru/event/ai-startapy-i-novye-talanty-kakaia-ekosistema-nuzhna-gorodu-chtoby-vyrastit-innovatsii/,astanahub.com,–ö–∞–∑–∞—Ö—Å—Ç–∞–Ω,–ê—Å—Ç–∞–Ω–∞,parsed_images/5978c7697242.png
MedTech –Ω–∞ —Å—Ç—ã–∫–µ –º–µ–¥–∏—Ü–∏–Ω—ã –∏ ITüë©‚Äçüíª,MedTech –Ω–∞ —Å—Ç—ã–∫–µ –º–µ–¥–∏—Ü–∏–Ω—ã –∏ ITüë©‚Äçüíª,"18 —Ñ–µ–≤—Ä–∞–ª—è —Å–æ—Å—Ç–æ–∏—Ç—Å—è –≤—Å—Ç—Ä–µ—á–∞ –æ —Ç–æ–º, –∫–∞–∫ –º–µ–¥–∏—Ü–∏–Ω–∞ –∏ —Ç–µ—Ö–Ω–æ–ª–æ–≥–∏–∏ –≤—Å—ë —á–∞—â–µ –∏–¥—É—Ç –≤–º–µ—Å—Ç–µ ü§ù –∏ –ø–æ—á–µ–º—É —Å–µ–≥–æ–¥–Ω—è —Å–ø–µ—Ü–∏–∞–ª–∏—Å—Ç—É –≤–∞–∂–Ω–æ –≤—ã—Ö–æ–¥–∏—Ç—å –∑–∞ —Ä–∞–º–∫–∏ –æ–¥–Ω–æ–π –ø—Ä–æ—Ñ–µ—Å—Å–∏–∏.",,18.02.2026,IT/Digital,https://astanahub.com/ru/event/medtech-na-styke-meditsiny-i-it/,astanahub.com,–ö–∞–∑–∞—Ö—Å—Ç–∞–Ω,–ê—Å—Ç–∞–Ω–∞,parsed_images/a5c5568e0ba2.png
–û—Å–Ω–æ–≤—ã Git,–û—Å–Ω–æ–≤—ã Git,Git ‚Äî —ç—Ç–æ —Å—Ç–∞–Ω–¥–∞—Ä—Ç —Ä–∞–±–æ—Ç—ã –≤ –ª—é–±–æ–º —Å–æ–≤—Ä–µ–º–µ–Ω–Ω–æ–º IT-–ø—Ä–æ–µ–∫—Ç–µ.–ï—Å–ª–∏ —Ç—ã —Ö–æ—á–µ—à—å —É–≤–µ—Ä–µ–Ω–Ω–æ —á—É–≤—Å—Ç–≤–æ–≤–∞—Ç—å —Å–µ–±—è –≤ –∫–æ–º–∞–Ω–¥–µ –∏ –ø–æ–Ω–∏–º–∞—Ç—å –ø—Ä–æ—Ü–µ—Å—Å—ã —Ä–∞–∑—Ä–∞–±–æ—Ç–∫–∏ ‚Äî —ç—Ç–∞ –±–∞–∑–∞ –æ–±—è–∑–∞—Ç–µ–ª—å–Ω–∞.,,19.02.2026,IT/Digital,https://astanahub.com/ru/event/osnovy-git/,astanahub.com,–ö–∞–∑–∞—Ö—Å—Ç–∞–Ω,–ê—Å—Ç–∞–Ω–∞,parsed_images/831ae051011d.png
"23-—è –ö–∞–∑–∞—Ö—Å—Ç–∞–Ω—Å–∫–∞—è –ú–µ–∂–¥—É–Ω–∞—Ä–æ–¥–Ω–∞—è –í—ã—Å—Ç–∞–≤–∫–∞ –£–ø–∞–∫–æ–≤–∫–∏, –¢–∞—Ä—ã –∏ –≠—Ç–∏–∫–µ—Ç–∫–∏",QazPack 2026,"23-—è –ö–∞–∑–∞—Ö—Å—Ç–∞–Ω—Å–∫–∞—è –ú–µ–∂–¥—É–Ω–∞—Ä–æ–¥–Ω–∞—è –í—ã—Å—Ç–∞–≤–∫–∞ –£–ø–∞–∫–æ–≤–∫–∏, –¢–∞—Ä—ã –∏ –≠—Ç–∏–∫–µ—Ç–∫–∏","–ê—Ç–∞–∫–µ–Ω—Ç, –ö–¶–î–°",11.11.2026,$undefined,https://qazpack.kz/ru/,iteca.events,–ö–∞–∑–∞—Ö—Å—Ç–∞–Ω,–ê–ª–º–∞—Ç—ã,parsed_images/295b61e73d55.jpg
21-—è –¶–µ–Ω—Ç—Ä–∞–ª—å–Ω–æ-–ê–∑–∏–∞—Ç—Å–∫–∞—è –ú–µ–∂–¥—É–Ω–∞—Ä–æ–¥–Ω–∞—è –í—ã—Å—Ç–∞–≤–∫–∞  –ò–Ω–¥—É—Å—Ç—Ä–∏–∏ HoReCa –∏ –†–∏—Ç–µ–π–ª–∞,Horex Qazaqstan 2026,21-—è –¶–µ–Ω—Ç—Ä–∞–ª—å–Ω–æ-–ê–∑–∏–∞—Ç—Å–∫–∞—è –ú–µ–∂–¥—É–Ω–∞—Ä–æ–¥–Ω–∞—è –í—ã—Å—Ç–∞–≤–∫–∞ –ò–Ω–¥—É—Å—Ç—Ä–∏–∏ HoReCa –∏ –†–∏—Ç–µ–π–ª–∞,"–ê—Ç–∞–∫–µ–Ω—Ç, –ö–¶–î–°",11.11.2026,$undefined,https://horexexpo.kz/ru/,iteca.events,–ö–∞–∑–∞—Ö—Å—Ç–∞–Ω,–ê–ª–º–∞—Ç—ã,parsed_images/4a2cc851bf4e.jpg
20-—è –¶–µ–Ω—Ç—Ä–∞–ª—å–Ω–æ-–ê–∑–∏–∞—Ç—Å–∫–∞—è –ú–µ–∂–¥—É–Ω–∞—Ä–æ–¥–Ω–∞—è –í—ã—Å—Ç–∞–≤–∫–∞ –°–µ–ª—å—Å–∫–æ–≥–æ –•–æ–∑—è–π—Å—Ç–≤–∞,Agroworld Qazaqstan 2026,20-—è –¶–µ–Ω—Ç—Ä–∞–ª—å–Ω–æ-–ê–∑–∏–∞—Ç—Å–∫–∞—è –ú–µ–∂–¥—É–Ω–∞—Ä–æ–¥–Ω–∞—è –í—ã—Å—Ç–∞–≤–∫–∞ –°–µ–ª—å—Å–∫–æ–≥–æ –•–æ–∑—è–π—Å—Ç–≤–∞,"–ê—Ç–∞–∫–µ–Ω—Ç, –ö–¶–î–°",28.10.2026,$undefined,https://agroworld.kz/ru/,iteca.events,–ö–∞–∑–∞—Ö—Å—Ç–∞–Ω,–ê–ª–º–∞—Ç—ã,parsed_images/cf5b93660fee.jpg
"24-—è –ö–∞–∑–∞—Ö—Å—Ç–∞–Ω—Å–∫–∞—è –ú–µ–∂–¥—É–Ω–∞—Ä–æ–¥–Ω–∞—è –í—ã—Å—Ç–∞–≤–∫–∞ –≠–Ω–µ—Ä–≥–µ—Ç–∏–∫–∏, –≠–ª–µ–∫—Ç—Ä–æ—Ç–µ—Ö–Ω–∏–∫–∏ –∏ –≠–Ω–µ—Ä–≥–µ—Ç–∏—á–µ—Å–∫–æ–≥–æ –ú–∞—à–∏–Ω–æ—Å—Ç—Ä–æ–µ–Ω–∏—è",Powerexpo Almaty 2026,"24-—è –ö–∞–∑–∞—Ö—Å—Ç–∞–Ω—Å–∫–∞—è –ú–µ–∂–¥—É–Ω–∞—Ä–æ–¥–Ω–∞—è –í—ã—Å—Ç–∞–≤–∫–∞ –≠–Ω–µ—Ä–≥–µ—Ç–∏–∫–∏, –≠–ª–µ–∫—Ç—Ä–æ—Ç–µ—Ö–Ω–∏–∫–∏ –∏ –≠–Ω–µ—Ä–≥–µ—Ç–∏—á–µ—Å–∫–æ–≥–æ –ú–∞—à–∏–Ω–æ—Å—Ç—Ä–æ–µ–Ω–∏—è","–ê—Ç–∞–∫–µ–Ω—Ç, –ö–¶–î–°",21.10.2026,–≠–Ω–µ—Ä–≥–µ—Ç–∏—á–µ—Å–∫–æ–µ –∏ —ç–ª–µ–∫—Ç—Ä–∏—á–µ—Å–∫–æ–µ –æ–±–æ—Ä—É–¥–æ–≤–∞–Ω–∏–µ,https://powerexpo.kz/ru/,iteca.events,–ö–∞–∑–∞—Ö—Å—Ç–∞–Ω,–ê–ª–º–∞—Ç—ã,parsed_images/e6027e746d30.jpg
"14-—è –ö–∞–∑–∞—Ö—Å—Ç–∞–Ω—Å–∫–∞—è –ú–µ–∂–¥—É–Ω–∞—Ä–æ–¥–Ω–∞—è –í—ã—Å—Ç–∞–≤–∫–∞ –ë–µ–∑–æ–ø–∞—Å–Ω–æ—Å—Ç–∏, –ü—Ä–æ—Ç–∏–≤–æ–ø–æ–∂–∞—Ä–Ω–æ–π –ó–∞—â–∏—Ç—ã, –ò–Ω—Ñ–æ—Ä–º–∞—Ü–∏–æ–Ω–Ω—ã—Ö –¢–µ—Ö–Ω–æ–ª–æ–≥–∏–π, –°–≤—è–∑–∏ –∏ –î—Ä–æ–Ω–æ–≤",Securex Kazakhstan 2026,"14-—è –ö–∞–∑–∞—Ö—Å—Ç–∞–Ω—Å–∫–∞—è –ú–µ–∂–¥—É–Ω–∞—Ä–æ–¥–Ω–∞—è –í—ã—Å—Ç–∞–≤–∫–∞ –ë–µ–∑–æ–ø–∞—Å–Ω–æ—Å—Ç–∏, –ü—Ä–æ—Ç–∏–≤–æ–ø–æ–∂–∞—Ä–Ω–æ–π –ó–∞—â–∏—Ç—ã, –ò–Ω—Ñ–æ—Ä–º–∞—Ü–∏–æ–Ω–Ω—ã—Ö –¢–µ—Ö–Ω–æ–ª–æ–≥–∏–π, –°–≤—è–∑–∏ –∏ –î—Ä–æ–Ω–æ–≤","–ê—Ç–∞–∫–µ–Ω—Ç, –ö–¶–î–°",21.10.2026,$undefined,https://securex.kz/ru/,iteca.events,–ö–∞–∑–∞—Ö—Å—Ç–∞–Ω,–ê–ª–º–∞—Ç—ã,parsed_images/6e71a5893368.jpg
"1-—è –ö–∞–∑–∞—Ö—Å—Ç–∞–Ω—Å–∫–æ-–ö–∏—Ç–∞–π—Å–∫–∞—è –ú–µ–∂–¥—É–Ω–∞—Ä–æ–¥–Ω–∞—è –í—ã—Å—Ç–∞–≤–∫–∞ –°—Ç—Ä–æ–∏—Ç–µ–ª—å—Å—Ç–≤–∞, –ì–æ—Ä–Ω–æ–¥–æ–±—ã–≤–∞—é—â–µ–π –ü—Ä–æ–º—ã—à–ª–µ–Ω–Ω–æ—Å—Ç–∏ –∏ –ò–Ω—Ñ—Ä–∞—Å—Ç—Ä—É–∫—Ç—É—Ä—ã",SilkWay Industrial Expo 2026,"1-—è –ö–∞–∑–∞—Ö—Å—Ç–∞–Ω—Å–∫–æ-–ö–∏—Ç–∞–π—Å–∫–∞—è –ú–µ–∂–¥—É–Ω–∞—Ä–æ–¥–Ω–∞—è –í—ã—Å—Ç–∞–≤–∫–∞ –°—Ç—Ä–æ–∏—Ç–µ–ª—å—Å—Ç–≤–∞, –ì–æ—Ä–Ω–æ–¥–æ–±—ã–≤–∞—é—â–µ–π –ü—Ä–æ–º—ã—à–ª–µ–Ω–Ω–æ—Å—Ç–∏ –∏ –ò–Ω—Ñ—Ä–∞—Å—Ç—Ä—É–∫—Ç—É—Ä—ã","EXPO, –ú–í–¶",14.10.2026,–ì–æ—Ä–Ω–æ–¥–æ–±—ã–≤–∞—é—â–∞—è –ø—Ä–æ–º—ã—à–ª–µ–Ω–Ω–æ—Å—Ç—å,https://silkway-industrial.kz/ru/,iteca.events,–ö–∞–∑–∞—Ö—Å—Ç–∞–Ω,–ê—Å—Ç–∞–Ω–∞,parsed_images/9d6f63ca8883.jpg
30-—è –ö–∞–∑–∞—Ö—Å—Ç–∞–Ω—Å–∫–∞—è –ú–µ–∂–¥—É–Ω–∞—Ä–æ–¥–Ω–∞—è –ö–æ–Ω—Ñ–µ—Ä–µ–Ω—Ü–∏—è –∏ –í—ã—Å—Ç–∞–≤–∫–∞ –ù–µ—Ñ—Ç–∏ –∏ –ì–∞–∑–∞,Kioge 2026,30-—è –ö–∞–∑–∞—Ö—Å—Ç–∞–Ω—Å–∫–∞—è –ú–µ–∂–¥—É–Ω–∞—Ä–æ–¥–Ω–∞—è –ö–æ–Ω—Ñ–µ—Ä–µ–Ω—Ü–∏—è –∏ –í—ã—Å—Ç–∞–≤–∫–∞ –ù–µ—Ñ—Ç–∏ –∏ –ì–∞–∑–∞,"–ê—Ç–∞–∫–µ–Ω—Ç, –ö–¶–î–°",30.09.2026,–ù–µ—Ñ—Ç—å –∏ –≥–∞–∑,https://kioge.kz/ru/,iteca.events,–ö–∞–∑–∞—Ö—Å—Ç–∞–Ω,–ê–ª–º–∞—Ç—ã,parsed_images/80c33db3ae43.jpg
31-—è –¶–µ–Ω—Ç—Ä–∞–ª—å–Ω–æ-–ê–∑–∏–∞—Ç—Å–∫–∞—è –ú–µ–∂–¥—É–Ω–∞—Ä–æ–¥–Ω–∞—è –í—ã—Å—Ç–∞–≤–∫–∞ –ì–æ—Ä–Ω–æ–≥–æ –û–±–æ—Ä—É–¥–æ–≤–∞–Ω–∏—è –∏ –ì–æ—Ä–Ω–æ–¥–æ–±—ã–≤–∞—é—â–∏—Ö –¢–µ—Ö–Ω–æ–ª–æ–≥–∏–π,Mining & Metals Central Asia 2026,31-—è –¶–µ–Ω—Ç—Ä–∞–ª—å–Ω–æ-–ê–∑–∏–∞—Ç—Å–∫–∞—è –ú–µ–∂–¥—É–Ω–∞—Ä–æ–¥–Ω–∞—è –í—ã—Å—Ç–∞–≤–∫–∞ –ì–æ—Ä–Ω–æ–≥–æ –û–±–æ—Ä—É–¥–æ–≤–∞–Ω–∏—è –∏ –ì–æ—Ä–Ω–æ–¥–æ–±—ã–≤–∞—é—â–∏—Ö –¢–µ—Ö–Ω–æ–ª–æ–≥–∏–π,"–ê—Ç–∞–∫–µ–Ω—Ç, –ö–¶–î–°",16.09.2026,–ì–æ—Ä–Ω–æ–¥–æ–±—ã–≤–∞—é—â–∞—è –ø—Ä–æ–º—ã—à–ª–µ–Ω–Ω–æ—Å—Ç—å,https://mining-metals.kz/ru/,iteca.events,–ö–∞–∑–∞—Ö—Å—Ç–∞–Ω,–ê–ª–º–∞—Ç—ã,parsed_images/18bf81894b4d.jpg
22-—è –ö–∞–∑–∞—Ö—Å—Ç–∞–Ω—Å–∫–∞—è –ú–µ–∂–¥—É–Ω–∞—Ä–æ–¥–Ω–∞—è –í—ã—Å—Ç–∞–≤–∫–∞ –î–æ—Ä–æ–∂–Ω–æ–π –∏ –¢—è–∂—ë–ª–æ–π –°—Ç—Ä–æ–∏—Ç–µ–ª—å–Ω–æ–π –¢–µ—Ö–Ω–∏–∫–∏,Kazcomak 2026,22-—è –ö–∞–∑–∞—Ö—Å—Ç–∞–Ω—Å–∫–∞—è –ú–µ–∂–¥—É–Ω–∞—Ä–æ–¥–Ω–∞—è –í—ã—Å—Ç–∞–≤–∫–∞ –î–æ—Ä–æ–∂–Ω–æ–π –∏ –¢—è–∂—ë–ª–æ–π –°—Ç—Ä–æ–∏—Ç–µ–ª—å–Ω–æ–π –¢–µ—Ö–Ω–∏–∫–∏,"–ê—Ç–∞–∫–µ–Ω—Ç, –ö–¶–î–°",16.09.2026,–ì–æ—Ä–Ω–æ–¥–æ–±—ã–≤–∞—é—â–∞—è –ø—Ä–æ–º—ã—à–ª–µ–Ω–Ω–æ—Å—Ç—å,https://www.kazcomak.kz/ru/,iteca.events,–ö–∞–∑–∞—Ö—Å—Ç–∞–Ω,–ê–ª–º–∞—Ç—ã,parsed_images/ad9f7c69ebc3.jpg
"18-—è –ú–µ–∂–¥—É–Ω–∞—Ä–æ–¥–Ω–∞—è –í—ã—Å—Ç–∞–≤–∫–∞ –°–∏—Å—Ç–µ–º –û—Ç–æ–ø–ª–µ–Ω–∏—è, –í–æ–¥–æ—Å–Ω–∞–±–∂–µ–Ω–∏—è, –°–∞–Ω—Ç–µ—Ö–Ω–∏–∫–∏, –ö–æ–Ω–¥–∏—Ü–∏–æ–Ω–∏—Ä–æ–≤–∞–Ω–∏—è –∏ –í–µ–Ω—Ç–∏–ª—è—Ü–∏–∏",Aquatherm Almaty 2026,"18-—è –ú–µ–∂–¥—É–Ω–∞—Ä–æ–¥–Ω–∞—è –í—ã—Å—Ç–∞–≤–∫–∞ –°–∏—Å—Ç–µ–º –û—Ç–æ–ø–ª–µ–Ω–∏—è, –í–æ–¥–æ—Å–Ω–∞–±–∂–µ–Ω–∏—è, –°–∞–Ω—Ç–µ—Ö–Ω–∏–∫–∏, –ö–æ–Ω–¥–∏—Ü–∏–æ–Ω–∏—Ä–æ–≤–∞–Ω–∏—è –∏ –í–µ–Ω—Ç–∏–ª—è—Ü–∏–∏","–ê—Ç–∞–∫–µ–Ω—Ç, –ö–¶–î–°",02.09.2026,–°—Ç—Ä–æ–∏—Ç–µ–ª—å—Å—Ç–≤–æ –∏ –∏–Ω–∂–µ–Ω–µ—Ä–Ω–æ–µ –æ–±–æ—Ä—É–¥–æ–≤–∞–Ω–∏–µ,https://aquatherm-almaty.kz/ru/,iteca.events,–ö–∞–∑–∞—Ö—Å—Ç–∞–Ω,–ê–ª–º–∞—Ç—ã,parsed_images/56540635949e.jpg
16-—ã–π –ö–∞–∑–∞—Ö—Å—Ç–∞–Ω—Å–∫–∏–π –ú–µ–∂–¥—É–Ω–∞—Ä–æ–¥–Ω—ã–π –ö–æ–Ω–≥—Ä–µ—Å—Å –ì–æ—Ä–Ω–æ–¥–æ–±—ã–≤–∞—é—â–µ–π –∏ –ú–µ—Ç–∞–ª–ª—É—Ä–≥–∏—á–µ—Å–∫–æ–π –ü—Ä–æ–º—ã—à–ª–µ–Ω–Ω–æ—Å—Ç–∏,Astana Mining and Metallurgy Expo 2026,16-—ã–π –ö–∞–∑–∞—Ö—Å—Ç–∞–Ω—Å–∫–∏–π –ú–µ–∂–¥—É–Ω–∞—Ä–æ–¥–Ω—ã–π –ö–æ–Ω–≥—Ä–µ—Å—Å –ì–æ—Ä–Ω–æ–¥–æ–±—ã–≤–∞—é—â–µ–π –∏ –ú–µ—Ç–∞–ª–ª—É—Ä–≥–∏—á–µ—Å–∫–æ–π –ü—Ä–æ–º—ã—à–ª–µ–Ω–Ω–æ—Å—Ç–∏,"Hilton Astana, Congress Center",11.06.2026,–ì–æ—Ä–Ω–æ–¥–æ–±—ã–≤–∞—é—â–∞—è –ø—Ä–æ–º—ã—à–ª–µ–Ω–Ω–æ—Å—Ç—å,https://amm.kz/ru/,iteca.events,–ö–∞–∑–∞—Ö—Å—Ç–∞–Ω,–ê—Å—Ç–∞–Ω–∞,parsed_images/218496f5bcee.jpg
"1-—è –ö–∞–∑–∞—Ö—Å—Ç–∞–Ω—Å–∫–∞—è –ú–µ–∂–¥—É–Ω–∞—Ä–æ–¥–Ω–∞—è –í—ã—Å—Ç–∞–≤–∫–∞ –û–ø—Ç–∏–∫–∏, –û–ø—Ç–æ–º–µ—Ç—Ä–∏–∏ –∏ –û—Ñ—Ç–∞–ª—å–º–æ–ª–æ–≥–∏–∏",VisionCare 2026,"1-—è –ö–∞–∑–∞—Ö—Å—Ç–∞–Ω—Å–∫–∞—è –ú–µ–∂–¥—É–Ω–∞—Ä–æ–¥–Ω–∞—è –í—ã—Å—Ç–∞–≤–∫–∞ –û–ø—Ç–∏–∫–∏, –û–ø—Ç–æ–º–µ—Ç—Ä–∏–∏ –∏ –û—Ñ—Ç–∞–ª—å–º–æ–ª–æ–≥–∏–∏","–ê—Ç–∞–∫–µ–Ω—Ç, –ö–¶–î–°",20.05.2026,–ó–¥—Ä–∞–≤–æ–æ—Ö—Ä–∞–Ω–µ–Ω–∏–µ –∏ —Ñ–∞—Ä–º–∞—Ü–µ–≤—Ç–∏–∫–∞ ,https://visioncare.kz,iteca.events,–ö–∞–∑–∞—Ö—Å—Ç–∞–Ω,–ê–ª–º–∞—Ç—ã,parsed_images/d4180905b23f.jpg
3-—è –ö–∞–∑–∞—Ö—Å—Ç–∞–Ω—Å–∫–∞—è –ú–µ–∂–¥—É–Ω–∞—Ä–æ–¥–Ω–∞—è –í—ã—Å—Ç–∞–≤–∫–∞ –§–∞—Ä–º–∞—Ü–µ–≤—Ç–∏—á–µ—Å–∫–æ–π –û—Ç—Ä–∞—Å–ª–∏,PharmaTECH Kazakhstan 2026,3-—è –ö–∞–∑–∞—Ö—Å—Ç–∞–Ω—Å–∫–∞—è –ú–µ–∂–¥—É–Ω–∞—Ä–æ–¥–Ω–∞—è –í—ã—Å—Ç–∞–≤–∫–∞ –§–∞—Ä–º–∞—Ü–µ–≤—Ç–∏—á–µ—Å–∫–æ–π –û—Ç—Ä–∞—Å–ª–∏,"–ê—Ç–∞–∫–µ–Ω—Ç, –ö–¶–î–°",20.05.2026,–ó–¥—Ä–∞–≤–æ–æ—Ö—Ä–∞–Ω–µ–Ω–∏–µ –∏ —Ñ–∞—Ä–º–∞—Ü–µ–≤—Ç–∏–∫–∞ ,https://pharmatechexpo.kz/ru/,iteca.events,–ö–∞–∑–∞—Ö—Å—Ç–∞–Ω,–ê–ª–º–∞—Ç—ã,parsed_images/aae04cc283aa.jpg
31-—è –ö–∞–∑–∞—Ö—Å—Ç–∞–Ω—Å–∫–∞—è –ú–µ–∂–¥—É–Ω–∞—Ä–æ–¥–Ω–∞—è –í—ã—Å—Ç–∞–≤–∫–∞ –ó–¥—Ä–∞–≤–æ–æ—Ö—Ä–∞–Ω–µ–Ω–∏—è,KIHE 2026,31-—è –ö–∞–∑–∞—Ö—Å—Ç–∞–Ω—Å–∫–∞—è –ú–µ–∂–¥—É–Ω–∞—Ä–æ–¥–Ω–∞—è –í—ã—Å—Ç–∞–≤–∫–∞ –ó–¥—Ä–∞–≤–æ–æ—Ö—Ä–∞–Ω–µ–Ω–∏—è,"–ê—Ç–∞–∫–µ–Ω—Ç, –ö–¶–î–°",20.05.2026,–ó–¥—Ä–∞–≤–æ–æ—Ö—Ä–∞–Ω–µ–Ω–∏–µ –∏ —Ñ–∞—Ä–º–∞—Ü–µ–≤—Ç–∏–∫–∞ ,https://kihe.kz/ru/,iteca.events,–ö–∞–∑–∞—Ö—Å—Ç–∞–Ω,–ê–ª–º–∞—Ç—ã,parsed_images/de40bc7a766d.jpg
5-—è –ö–∞–∑–∞—Ö—Å—Ç–∞–Ω—Å–∫–∞—è –ú–µ–∂–¥—É–Ω–∞—Ä–æ–¥–Ω–∞—è –í—ã—Å—Ç–∞–≤–∫–∞ –ù–µ—Ä–∞–∑—Ä—É—à–∞—é—â–µ–≥–æ –ö–æ–Ω—Ç—Ä–æ–ª—è –∏ –¢–µ—Ö–Ω–∏—á–µ—Å–∫–æ–π –î–∏–∞–≥–Ω–æ—Å—Ç–∏–∫–∏,NDT Qazaqstan 2026,5-—è –ö–∞–∑–∞—Ö—Å—Ç–∞–Ω—Å–∫–∞—è –ú–µ–∂–¥—É–Ω–∞—Ä–æ–¥–Ω–∞—è –í—ã—Å—Ç–∞–≤–∫–∞ –ù–µ—Ä–∞–∑—Ä—É—à–∞—é—â–µ–≥–æ –ö–æ–Ω—Ç—Ä–æ–ª—è –∏ –¢–µ—Ö–Ω–∏—á–µ—Å–∫–æ–π –î–∏–∞–≥–Ω–æ—Å—Ç–∏–∫–∏,"EXPO, –ú–í–¶",28.04.2026,$undefined,https://ndtexpo.kz,iteca.events,–ö–∞–∑–∞—Ö—Å—Ç–∞–Ω,–ê—Å—Ç–∞–Ω–∞,parsed_images/5c66ef36fbd3.jpg
14-—è –ö–∞–∑–∞—Ö—Å—Ç–∞–Ω—Å–∫–∞—è –ú–µ–∂–¥—É–Ω–∞—Ä–æ–¥–Ω–∞—è –ö–æ–Ω—Ñ–µ—Ä–µ–Ω—Ü–∏—è –∏ –í—ã—Å—Ç–∞–≤–∫–∞ –ø–æ –û—Ö—Ä–∞–Ω–µ –¢—Ä—É–¥–∞ –∏ –ü—Ä–æ–º—ã—à–ª–µ–Ω–Ω–æ–π –ë–µ–∑–æ–ø–∞—Å–Ω–æ—Å—Ç–∏,KIOSH 2026,14-—è –ö–∞–∑–∞—Ö—Å—Ç–∞–Ω—Å–∫–∞—è –ú–µ–∂–¥—É–Ω–∞—Ä–æ–¥–Ω–∞—è –ö–æ–Ω—Ñ–µ—Ä–µ–Ω—Ü–∏—è –∏ –í—ã—Å—Ç–∞–≤–∫–∞ –ø–æ –û—Ö—Ä–∞–Ω–µ –¢—Ä—É–¥–∞ –∏ –ü—Ä–æ–º—ã—à–ª–µ–Ω–Ω–æ–π –ë–µ–∑–æ–ø–∞—Å–Ω–æ—Å—Ç–∏,"EXPO, –ú–í–¶",28.04.2026,$undefined,https://kiosh.kz/ru/,iteca.events,–ö–∞–∑–∞—Ö—Å—Ç–∞–Ω,–ê—Å—Ç–∞–Ω–∞,parsed_images/8b3a19caa2a3.jpg
1-—è –ö–∞–∑–∞—Ö—Å—Ç–∞–Ω—Å–∫–∞—è –ú–µ–∂–¥—É–Ω–∞—Ä–æ–¥–Ω–∞—è –í—ã—Å—Ç–∞–≤–∫–∞ –û–±–æ—Ä—É–¥–æ–≤–∞–Ω–∏—è –¢–µ–∫—Å—Ç–∏–ª—å–Ω–æ–π –∏ –®–≤–µ–π–Ω–æ–π –ü—Ä–æ–º—ã—à–ª–µ–Ω–Ω–æ—Å—Ç–∏,KITME 2026,1-—è –ö–∞–∑–∞—Ö—Å—Ç–∞–Ω—Å–∫–∞—è –ú–µ–∂–¥—É–Ω–∞—Ä–æ–¥–Ω–∞—è –í—ã—Å—Ç–∞–≤–∫–∞ –û–±–æ—Ä—É–¥–æ–≤–∞–Ω–∏—è –¢–µ–∫—Å—Ç–∏–ª—å–Ω–æ–π –∏ –®–≤–µ–π–Ω–æ–π –ü—Ä–æ–º—ã—à–ª–µ–Ω–Ω–æ—Å—Ç–∏,"–ê—Ç–∞–∫–µ–Ω—Ç, –ö–¶–î–°",22.04.2026,–¢–µ–∫—Å—Ç–∏–ª—å–Ω–∞—è –ø—Ä–æ–º—ã—à–ª–µ–Ω–Ω–æ—Å—Ç—å,https://kitme.kz,iteca.events,–ö–∞–∑–∞—Ö—Å—Ç–∞–Ω,–ê–ª–º–∞—Ç—ã,parsed_images/6b6a070dc63c.jpg
24-–∞—è –ö–∞–∑–∞—Ö—Å—Ç–∞–Ω—Å–∫–∞—è –ú–µ–∂–¥—É–Ω–∞—Ä–æ–¥–Ω–∞—è –í—ã—Å—Ç–∞–≤–∫–∞ –¢—É—Ä–∏–∑–º–∞ –∏ –ü—É—Ç–µ—à–µ—Å—Ç–≤–∏–π,KITF 2026,24-–∞—è –ö–∞–∑–∞—Ö—Å—Ç–∞–Ω—Å–∫–∞—è –ú–µ–∂–¥—É–Ω–∞—Ä–æ–¥–Ω–∞—è –í—ã—Å—Ç–∞–≤–∫–∞ –¢—É—Ä–∏–∑–º–∞ –∏ –ü—É—Ç–µ—à–µ—Å—Ç–≤–∏–π,"–ê—Ç–∞–∫–µ–Ω—Ç, –ö–¶–î–°",22.04.2026,–¢—É—Ä–∏–∑–º –∏ –ø—É—Ç–µ—à–µ—Å—Ç–≤–∏—è,https://kitf.kz/ru/,iteca.events,–ö–∞–∑–∞—Ö—Å—Ç–∞–Ω,–ê–ª–º–∞—Ç—ã,parsed_images/75390f049790.jpg
23-—è –°–µ–≤–µ—Ä–æ-–ö–∞—Å–ø–∏–π—Å–∫–∞—è –†–µ–≥–∏–æ–Ω–∞–ª—å–Ω–∞—è –°—Ç—Ä–æ–∏—Ç–µ–ª—å–Ω–∞—è –∏ –ò–Ω—Ç–µ—Ä—å–µ—Ä–Ω–∞—è –í—ã—Å—Ç–∞–≤–∫–∞,AtyrauBuild 2026,23-—è –°–µ–≤–µ—Ä–æ-–ö–∞—Å–ø–∏–π—Å–∫–∞—è –†–µ–≥–∏–æ–Ω–∞–ª—å–Ω–∞—è –°—Ç—Ä–æ–∏—Ç–µ–ª—å–Ω–∞—è –∏ –ò–Ω—Ç–µ—Ä—å–µ—Ä–Ω–∞—è –í—ã—Å—Ç–∞–≤–∫–∞,"–ö–æ—Ä–º–µ, –í–¶",08.04.2026,–°—Ç—Ä–æ–∏—Ç–µ–ª—å—Å—Ç–≤–æ –∏ –∏–Ω–∂–µ–Ω–µ—Ä–Ω–æ–µ –æ–±–æ—Ä—É–¥–æ–≤–∞–Ω–∏–µ,https://atyraubuild.kz/ru/,iteca.events,–ö–∞–∑–∞—Ö—Å—Ç–∞–Ω,–ê—Ç—ã—Ä–∞—É,parsed_images/585f93d34d6f.jpg
23-—è –°–µ–≤–µ—Ä–æ-–ö–∞—Å–ø–∏–π—Å–∫–∞—è –†–µ–≥–∏–æ–Ω–∞–ª—å–Ω–∞—è –í—ã—Å—Ç–∞–≤–∫–∞ –ù–µ—Ñ—Ç–∏ –∏ –ì–∞–∑–∞,Atyrau Oil&Gas 2026,23-—è –°–µ–≤–µ—Ä–æ-–ö–∞—Å–ø–∏–π—Å–∫–∞—è –†–µ–≥–∏–æ–Ω–∞–ª—å–Ω–∞—è –í—ã—Å—Ç–∞–≤–∫–∞ –ù–µ—Ñ—Ç–∏ –∏ –ì–∞–∑–∞,"–ö–æ—Ä–º–µ, –í–¶",08.04.2026,–ù–µ—Ñ—Ç—å –∏ –≥–∞–∑,https://oil-gas.kz/ru/,iteca.events,–ö–∞–∑–∞—Ö—Å—Ç–∞–Ω,–ê—Ç—ã—Ä–∞—É,parsed_images/01cdf3c62532.jpg
